latitude,longitude,acq_date,confidence
28.102,80.5151,2018-03-01,68
28.176,81.2057,2018-03-01,67
27.3683,83.7876,2018-03-01,72
26.9088,81.055,2018-03-01,75
26.9432,84.211,2018-03-01,67
28.3665,80.7371,2018-03-01,86
28.5871,80.6097,2018-03-01,78
28.4318,80.683,2018-03-01,94
28.411,80.7286,2018-03-01,76
28.4125,80.7387,2018-03-01,79
28.365,80.727,2018-03-01,98
29.3778,80.8467,2018-03-01,51
29.8773,80.1338,2018-03-02,60
27.8367,80.6909,2018-03-02,63
28.1103,80.5218,2018-03-02,78
28.2526,80.6221,2018-03-02,65
28.3465,80.9865,2018-03-02,59
28.7514,80.2249,2018-03-02,70
29.2826,80.8896,2018-03-02,58
27.8654,81.43,2018-03-02,58
28.8494,80.1352,2018-03-02,50
28.3702,80.7573,2018-03-02,85
28.3516,80.7214,2018-03-02,55
27.9793,83.6201,2018-03-02,75
28.8368,80.1697,2018-03-03,97
28.8332,80.1966,2018-03-03,80
28.8404,80.1642,2018-03-03,95
28.8295,80.2021,2018-03-03,70
27.1359,81.6793,2018-03-03,51
27.3373,83.6737,2018-03-03,62
26.7416,82.2785,2018-03-03,65
27.0053,87.4319,2018-03-03,72
28.0529,81.3052,2018-03-03,52
28.0474,84.9478,2018-03-03,65
28.0626,81.3031,2018-03-03,72
29.5139,80.3282,2018-03-03,79
29.1018,80.6291,2018-03-03,63
28.8446,80.1606,2018-03-03,87
28.8344,80.163,2018-03-03,94
28.8368,80.1765,2018-03-03,89
28.5564,80.5138,2018-03-03,70
28.5422,80.6117,2018-03-03,63
28.2504,80.5319,2018-03-03,71
28.545,83.3572,2018-03-03,71
28.5466,83.3677,2018-03-03,60
28.0986,81.3274,2018-03-03,59
28.0956,81.321,2018-03-03,57
28.1697,83.835,2018-03-04,67
26.9362,84.6762,2018-03-04,56
26.8606,83.0754,2018-03-04,70
26.8621,83.0654,2018-03-04,75
26.9346,84.6863,2018-03-04,68
27.0215,84.5426,2018-03-04,64
28.1219,80.5099,2018-03-04,64
28.3759,80.7342,2018-03-04,66
28.779,80.2109,2018-03-05,90
28.7831,80.1907,2018-03-05,52
28.7913,80.2141,2018-03-05,92
27.5924,85.6466,2018-03-05,64
27.7927,85.0074,2018-03-05,80
27.8054,84.5293,2018-03-05,73
27.7342,84.2287,2018-03-05,69
27.7345,84.2339,2018-03-05,76
27.534,84.5654,2018-03-05,76
27.5364,84.6392,2018-03-05,57
27.5722,84.9122,2018-03-05,54
27.5908,85.6362,2018-03-05,60
27.383,85.2169,2018-03-05,69
26.9471,87.5506,2018-03-05,75
28.0238,81.3556,2018-03-05,65
28.2567,80.4231,2018-03-05,63
28.2518,80.4094,2018-03-05,53
28.7891,80.227,2018-03-05,78
28.8475,80.2513,2018-03-05,68
28.7849,80.2058,2018-03-05,92
27.8265,84.783,2018-03-05,53
27.9267,83.8111,2018-03-05,67
27.7059,84.7984,2018-03-06,67
27.8184,84.7861,2018-03-06,64
27.4026,87.0423,2018-03-06,67
27.7763,84.9617,2018-03-06,68
26.4171,87.5787,2018-03-06,80
26.9108,87.6173,2018-03-06,67
26.9378,87.313,2018-03-06,87
26.9079,87.5771,2018-03-06,78
28.3273,80.4142,2018-03-06,53
28.1919,81.2038,2018-03-06,63
28.0794,81.3172,2018-03-06,58
28.0755,81.3082,2018-03-06,69
28.0772,81.3232,2018-03-06,70
28.0738,82.8219,2018-03-06,74
28.0754,82.8381,2018-03-06,74
27.6211,84.1941,2018-03-06,67
27.6233,84.2174,2018-03-06,53
26.9457,87.2982,2018-03-06,76
26.9149,87.5694,2018-03-06,70
26.9175,87.6082,2018-03-06,76
26.9143,81.051,2018-03-07,56
26.9148,81.0575,2018-03-07,78
28.0403,80.3348,2018-03-07,61
28.5281,80.1974,2018-03-07,63
28.0717,82.8343,2018-03-07,60
28.8131,80.1583,2018-03-07,52
26.965,87.1443,2018-03-07,70
26.9669,87.1555,2018-03-07,75
26.9678,87.53,2018-03-07,63
26.9599,87.5437,2018-03-07,56
27.1217,87.586,2018-03-07,77
28.2228,80.5174,2018-03-07,56
27.6991,85.0225,2018-03-07,59
27.5478,84.5192,2018-03-07,66
27.7874,86.2613,2018-03-07,71
27.7824,86.2647,2018-03-07,70
27.2765,84.9418,2018-03-07,52
27.1548,84.9208,2018-03-07,53
27.4321,87.7178,2018-03-07,52
27.1521,86.7429,2018-03-07,79
27.0879,87.2035,2018-03-07,58
27.0903,87.2176,2018-03-07,60
27.0801,87.5197,2018-03-07,62
27.082,87.5311,2018-03-07,83
27.2912,86.0314,2018-03-07,93
26.8914,84.8001,2018-03-08,57
27.1712,86.751,2018-03-08,74
27.2883,86.0356,2018-03-08,85
28.5595,80.4542,2018-03-08,64
28.5546,80.4598,2018-03-08,64
27.211,87.7131,2018-03-08,67
27.2124,87.7024,2018-03-08,72
29.434,80.8803,2018-03-08,54
29.425,80.8824,2018-03-08,81
29.4264,80.8932,2018-03-08,70
28.6952,80.4468,2018-03-08,75
28.6739,80.4927,2018-03-08,52
28.5426,80.6761,2018-03-08,62
28.4254,80.0283,2018-03-08,60
28.2879,80.4291,2018-03-08,55
28.2658,80.4085,2018-03-08,58
28.2474,80.4744,2018-03-08,55
28.4348,83.3775,2018-03-08,76
28.1263,81.003,2018-03-08,67
28.0127,81.1136,2018-03-08,66
27.8771,84.5698,2018-03-08,81
27.5359,84.1973,2018-03-08,76
26.8361,81.7313,2018-03-08,65
27.2796,86.034,2018-03-08,79
27.0516,85.8214,2018-03-08,70
27.1438,86.7403,2018-03-08,52
26.5359,84.8439,2018-03-08,50
28.1231,84.2922,2018-03-09,75
28.9681,80.5715,2018-03-09,74
28.9697,80.5611,2018-03-09,53
29.6547,81.2026,2018-03-09,63
29.6565,81.1916,2018-03-09,58
26.6901,84.381,2018-03-09,72
27.9024,81.2288,2018-03-09,56
28.0943,80.5466,2018-03-09,65
27.8755,84.5629,2018-03-09,64
27.9577,84.2423,2018-03-09,62
26.7811,87.2971,2018-03-09,54
27.8142,85.0074,2018-03-09,50
27.0706,87.1377,2018-03-09,60
29.1862,81.6523,2018-03-09,67
29.1835,81.6363,2018-03-09,56
26.934,87.3198,2018-03-10,52
26.9356,87.3039,2018-03-10,65
27.0062,85.9485,2018-03-10,51
26.9903,86.0598,2018-03-10,62
26.9917,86.0716,2018-03-10,74
27.1121,85.1136,2018-03-10,75
26.9312,87.2946,2018-03-10,77
26.9327,87.3084,2018-03-10,82
26.7868,87.2585,2018-03-10,82
26.6799,86.6951,2018-03-10,61
26.9258,86.1254,2018-03-10,64
27.0802,85.3092,2018-03-10,68
27.0715,85.743,2018-03-10,55
27.8135,85.0038,2018-03-10,50
27.5488,84.4588,2018-03-10,83
27.5502,84.4693,2018-03-10,95
27.553,84.4903,2018-03-10,57
26.9846,82.2318,2018-03-10,75
26.9861,82.2419,2018-03-10,53
27.3039,84.7671,2018-03-10,60
27.2725,85.008,2018-03-10,72
28.8859,80.2478,2018-03-10,65
28.1388,80.3252,2018-03-10,70
28.1078,80.5237,2018-03-10,69
27.8396,81.716,2018-03-10,68
27.8412,81.7263,2018-03-10,70
27.73,82.2112,2018-03-10,76
27.7315,82.2213,2018-03-10,79
28.0535,84.9556,2018-03-10,80
27.7909,83.7995,2018-03-10,60
27.7909,84.4204,2018-03-10,65
29.4144,81.4202,2018-03-11,53
29.648,80.4873,2018-03-11,78
29.0777,81.5312,2018-03-11,55
27.8364,80.1559,2018-03-11,58
27.08,85.3096,2018-03-11,60
27.2359,84.9947,2018-03-11,71
27.3531,84.7891,2018-03-11,56
27.3549,84.7778,2018-03-11,51
28.0912,80.5322,2018-03-11,64
28.0927,80.5213,2018-03-11,61
28.1425,80.3607,2018-03-11,67
28.4351,80.7808,2018-03-11,97
28.4365,80.77,2018-03-11,69
28.492,80.5672,2018-03-11,70
28.4935,80.5562,2018-03-11,77
27.4467,83.8188,2018-03-11,65
27.1697,81.2884,2018-03-11,65
27.157,82.2082,2018-03-11,73
27.4245,80.3059,2018-03-11,64
29.5283,80.1244,2018-03-11,75
28.4624,80.7209,2018-03-11,58
29.5247,80.1294,2018-03-11,78
27.7823,84.4158,2018-03-12,53
27.5271,84.2,2018-03-12,78
27.5288,84.2105,2018-03-12,80
27.5196,84.2126,2018-03-12,91
27.033,85.751,2018-03-12,87
27.0344,85.761,2018-03-12,61
26.9811,85.6477,2018-03-12,73
28.8905,80.1835,2018-03-12,62
28.8673,80.9297,2018-03-12,50
28.3455,80.439,2018-03-12,63
28.3917,80.8122,2018-03-12,69
28.0674,80.3136,2018-03-12,58
28.053,80.2993,2018-03-12,72
27.7067,82.5827,2018-03-12,67
28.8874,80.1667,2018-03-12,88
28.4743,83.2639,2018-03-13,54
27.2308,84.1891,2018-03-13,53
26.6975,84.3798,2018-03-13,72
27.2294,84.1994,2018-03-13,51
26.4604,84.1279,2018-03-13,61
26.4636,84.1197,2018-03-13,54
29.2785,80.9202,2018-03-13,73
28.9973,81.9101,2018-03-13,98
29.1355,81.0668,2018-03-13,64
28.9326,80.7391,2018-03-14,74
27.3971,84.518,2018-03-14,60
27.3998,84.5327,2018-03-14,58
27.317,84.5855,2018-03-14,85
28.233,84.8621,2018-03-14,72
27.3197,84.6003,2018-03-14,74
27.1045,85.1137,2018-03-14,62
27.0406,85.7677,2018-03-14,66
29.0821,82.7038,2018-03-14,54
27.9517,82.3521,2018-03-14,57
26.435,87.2087,2018-03-15,62
28.5432,81.9064,2018-03-15,85
28.043,80.2469,2018-03-15,73
28.0444,80.2579,2018-03-15,67
26.4939,80.1913,2018-03-15,72
26.4953,80.2018,2018-03-15,78
28.5162,80.3531,2018-03-15,64
28.5417,81.8938,2018-03-15,79
27.2516,84.9528,2018-03-16,53
27.2495,84.9589,2018-03-16,56
28.1477,80.5192,2018-03-16,63
28.0482,81.3343,2018-03-16,56
28.2856,80.4242,2018-03-16,66
28.3195,80.5142,2018-03-16,73
28.3214,80.5027,2018-03-16,74
26.5787,87.6337,2018-03-16,59
26.5814,87.6488,2018-03-16,72
27.2444,84.9445,2018-03-16,68
26.9586,86.0566,2018-03-16,64
26.6014,84.4515,2018-03-16,51
26.9164,86.1887,2018-03-16,63
27.1077,87.6059,2018-03-16,75
26.5836,87.6416,2018-03-16,76
26.7693,86.6681,2018-03-16,51
26.6782,86.8212,2018-03-16,63
27.0075,85.8936,2018-03-16,99
27.0703,86.7208,2018-03-16,54
27.0715,86.7305,2018-03-16,59
27.9325,82.3964,2018-03-16,54
26.9941,86.0275,2018-03-17,65
27.134,85.8982,2018-03-17,77
27.5221,85.0683,2018-03-17,65
27.5179,85.08,2018-03-17,53
28.4171,80.3623,2018-03-17,99
28.414,80.3419,2018-03-17,95
28.4155,80.3521,2018-03-17,100
28.3963,80.4084,2018-03-17,63
28.387,80.4054,2018-03-17,64
28.3885,80.4156,2018-03-17,71
28.3752,80.4496,2018-03-17,53
28.3583,81.0929,2018-03-17,59
28.2225,80.2967,2018-03-17,62
28.2302,80.3478,2018-03-17,64
28.3538,81.7712,2018-03-17,59
28.0857,81.3061,2018-03-17,64
28.0871,81.3161,2018-03-17,87
28.0524,81.3394,2018-03-17,72
27.9404,81.9809,2018-03-17,54
27.9244,82.3961,2018-03-17,52
27.9258,82.4063,2018-03-17,66
27.7155,81.9506,2018-03-17,86
27.7169,81.9606,2018-03-17,93
27.691,81.9708,2018-03-17,73
27.6751,82.3894,2018-03-17,67
27.8758,84.5434,2018-03-17,58
27.6937,84.8087,2018-03-17,75
27.695,84.8195,2018-03-17,59
27.6947,84.8134,2018-03-17,85
27.5759,84.4102,2018-03-17,62
27.5417,84.2098,2018-03-17,90
27.5432,84.2215,2018-03-17,94
27.535,84.2348,2018-03-17,61
27.5319,84.242,2018-03-17,70
27.5408,84.3128,2018-03-17,57
27.5392,84.4594,2018-03-17,51
27.5294,84.4608,2018-03-17,85
27.5309,84.4729,2018-03-17,88
27.5324,84.4851,2018-03-17,81
27.5241,84.4985,2018-03-17,72
27.3796,83.5712,2018-03-17,62
27.381,83.5822,2018-03-17,67
27.4826,84.8242,2018-03-17,63
27.3055,83.5555,2018-03-17,57
27.1965,83.2821,2018-03-17,67
27.3384,84.7265,2018-03-17,62
27.2368,83.9711,2018-03-17,72
27.2382,83.9824,2018-03-17,80
27.3114,84.6681,2018-03-17,68
27.3099,84.6615,2018-03-17,73
27.3136,84.7739,2018-03-17,71
27.3325,85.0137,2018-03-17,74
27.334,85.0263,2018-03-17,70
27.2884,84.8157,2018-03-17,67
27.2899,84.8281,2018-03-17,81
27.2415,84.7599,2018-03-17,77
27.265,84.96,2018-03-17,67
27.2609,85.0126,2018-03-17,52
27.1967,84.9905,2018-03-17,92
27.1713,85.026,2018-03-17,70
27.169,85.0915,2018-03-17,68
27.3225,86.518,2018-03-17,53
27.2248,85.8381,2018-03-17,68
27.1594,85.3595,2018-03-17,75
27.1187,85.0992,2018-03-17,59
26.8515,83.0346,2018-03-17,75
26.8529,83.0451,2018-03-17,61
27.1072,85.0878,2018-03-17,54
27.0924,85.3088,2018-03-17,73
27.094,85.322,2018-03-17,68
27.0919,85.6662,2018-03-17,73
27.0934,85.68,2018-03-17,79
26.9095,84.2106,2018-03-17,52
27.071,85.6692,2018-03-17,81
27.0644,85.6618,2018-03-17,57
27.066,85.6756,2018-03-17,79
27.0726,85.9165,2018-03-17,55
27.0395,85.7217,2018-03-17,76
27.016,85.7961,2018-03-17,64
26.9993,85.7418,2018-03-17,79
27.0008,85.7557,2018-03-17,72
27.0709,86.7254,2018-03-17,78
26.7065,84.3902,2018-03-17,53
26.7079,84.4018,2018-03-17,62
26.8621,86.3867,2018-03-17,66
26.9614,87.5196,2018-03-17,83
26.9632,87.537,2018-03-17,84
26.9265,87.412,2018-03-17,95
26.928,87.4268,2018-03-17,71
26.8611,87.0904,2018-03-17,52
26.7911,86.5595,2018-03-17,74
26.7589,86.6754,2018-03-17,81
26.7544,86.9564,2018-03-17,51
26.7061,86.6021,2018-03-17,52
26.7534,86.9469,2018-03-17,56
26.7028,86.5936,2018-03-17,75
28.5137,80.0194,2018-03-17,55
28.5903,80.844,2018-03-17,69
28.4995,80.6705,2018-03-17,53
28.501,80.6806,2018-03-17,53
28.401,80.1333,2018-03-17,61
28.4026,80.1436,2018-03-17,70
28.4817,80.6739,2018-03-17,90
28.4229,80.3402,2018-03-17,64
28.4245,80.3504,2018-03-17,78
28.7926,80.1589,2018-03-17,95
28.8343,81.0035,2018-03-17,59
28.6123,80.2488,2018-03-17,66
28.6138,80.259,2018-03-17,58
27.7039,82.512,2018-03-17,50
27.6988,82.5037,2018-03-17,61
27.255,85.0626,2018-03-18,88
27.2574,85.0485,2018-03-18,67
27.2622,85.0559,2018-03-18,94
27.2799,84.9581,2018-03-18,58
27.3341,84.7162,2018-03-18,53
27.1413,85.8947,2018-03-18,55
27.378,84.5877,2018-03-18,54
27.3245,85.0101,2018-03-18,54
27.2102,82.2151,2018-03-18,66
27.3304,83.5975,2018-03-18,70
27.3324,83.6044,2018-03-18,74
27.1017,85.0969,2018-03-18,66
27.3767,83.5774,2018-03-18,54
27.0818,85.7144,2018-03-18,53
27.1641,85.3261,2018-03-18,53
27.2232,84.9976,2018-03-18,87
27.2257,84.9837,2018-03-18,85
27.2928,84.6048,2018-03-18,86
27.2642,84.9485,2018-03-18,90
27.2667,84.9347,2018-03-18,92
27.5402,84.3088,2018-03-18,56
28.7452,80.4829,2018-03-18,61
28.0419,86.2934,2018-03-18,53
27.327,84.9963,2018-03-18,62
27.0484,87.1346,2018-03-18,79
27.2791,87.9382,2018-03-18,71
27.2639,85.0336,2018-03-18,60
27.2719,85.0692,2018-03-18,63
27.1374,85.3027,2018-03-18,64
28.9773,80.987,2018-03-18,51
28.4065,80.8576,2018-03-18,57
27.692,82.4875,2018-03-18,71
27.6921,82.493,2018-03-18,63
27.7913,84.4385,2018-03-18,51
27.8871,85.8783,2018-03-18,79
27.2815,84.8313,2018-03-18,70
27.1315,85.8316,2018-03-18,51
26.9955,85.9983,2018-03-19,61
26.9339,86.2285,2018-03-19,58
27.0325,87.1319,2018-03-19,56
26.858,86.2197,2018-03-19,77
26.5567,84.5044,2018-03-19,75
26.5581,84.5143,2018-03-19,76
26.7866,86.503,2018-03-19,69
27.2927,84.8895,2018-03-19,63
27.2941,84.8995,2018-03-19,66
27.2796,84.8612,2018-03-19,66
27.2523,84.7332,2018-03-19,69
27.2537,84.7431,2018-03-19,75
27.2458,84.8161,2018-03-19,92
27.2472,84.8261,2018-03-19,70
27.236,84.9407,2018-03-19,71
27.2402,84.9707,2018-03-19,94
27.2313,84.9723,2018-03-19,72
27.2327,84.9823,2018-03-19,59
27.2004,84.8197,2018-03-19,71
27.2314,85.0393,2018-03-19,81
26.9645,83.4624,2018-03-19,51
26.9555,83.4641,2018-03-19,86
26.957,83.4743,2018-03-19,86
27.1665,85.1638,2018-03-19,62
27.1518,85.132,2018-03-19,54
27.1445,85.2772,2018-03-19,54
27.147,85.8962,2018-03-19,65
27.1484,85.9066,2018-03-19,58
27.0624,85.6805,2018-03-19,50
27.2506,87.7326,2018-03-19,57
27.0163,85.9573,2018-03-19,65
27.0177,85.9676,2018-03-19,61
26.9941,85.9879,2018-03-19,62
26.9997,86.0293,2018-03-19,69
26.9808,86.0964,2018-03-19,59
26.9485,86.134,2018-03-19,71
26.6767,84.3852,2018-03-19,80
26.6781,84.3951,2018-03-19,87
26.8092,86.6746,2018-03-19,77
26.7567,86.5624,2018-03-19,80
26.7813,87.2388,2018-03-19,64
28.9157,80.1729,2018-03-19,78
28.5694,81.2246,2018-03-19,75
28.3763,80.8641,2018-03-19,73
28.2079,80.3681,2018-03-19,63
28.1634,80.5219,2018-03-19,71
28.1656,80.5351,2018-03-19,71
28.0957,80.3144,2018-03-19,76
28.1116,81.8202,2018-03-19,72
28.2186,85.1252,2018-03-19,53
28.0687,84.2554,2018-03-19,55
27.9873,84.3893,2018-03-19,59
27.7206,82.6826,2018-03-19,63
27.9042,84.3291,2018-03-19,57
27.8938,84.3207,2018-03-19,52
27.8953,84.3307,2018-03-19,92
27.8804,84.354,2018-03-19,62
27.6138,83.1814,2018-03-19,62
27.8012,84.5144,2018-03-19,70
27.7656,84.7776,2018-03-19,77
27.6708,84.6261,2018-03-19,53
27.5326,84.3093,2018-03-19,100
27.534,84.3193,2018-03-19,88
27.5237,84.3109,2018-03-19,97
27.5888,85.2906,2018-03-19,59
27.4362,84.4659,2018-03-19,58
27.4184,84.6703,2018-03-19,55
27.4095,84.6719,2018-03-19,80
27.4109,84.6819,2018-03-19,76
27.4123,84.6919,2018-03-19,84
27.2886,84.8822,2018-03-19,58
27.2492,87.7357,2018-03-19,76
27.1787,85.0607,2018-03-20,81
27.2567,84.7391,2018-03-20,69
27.2547,84.8119,2018-03-20,68
27.2812,84.8797,2018-03-20,61
27.1488,85.8209,2018-03-20,55
27.2246,85.825,2018-03-20,56
28.1751,80.3503,2018-03-20,62
27.9524,82.1571,2018-03-20,52
27.9723,83.0106,2018-03-20,54
28.3214,80.3979,2018-03-20,61
28.3229,80.3848,2018-03-20,65
27.2441,87.7357,2018-03-20,68
27.2464,87.7226,2018-03-20,70
27.8136,84.8404,2018-03-20,58
27.8441,84.7624,2018-03-20,64
27.4347,87.3506,2018-03-20,59
27.946,84.5177,2018-03-20,55
27.669,86.5901,2018-03-20,61
27.5839,87.2624,2018-03-20,61
28.109,85.2573,2018-03-20,88
26.7455,86.6305,2018-03-20,56
27.1929,84.1875,2018-03-20,66
26.4035,81.702,2018-03-20,67
28.9213,80.6562,2018-03-20,58
28.8745,80.1474,2018-03-20,52
28.9241,80.6626,2018-03-20,63
28.3751,80.8872,2018-03-20,51
28.2609,80.4942,2018-03-20,73
28.2579,80.4803,2018-03-20,61
28.26,80.5018,2018-03-20,69
28.8752,80.1421,2018-03-20,75
27.6062,85.7006,2018-03-20,100
27.6035,85.6859,2018-03-20,61
27.7082,82.4512,2018-03-20,69
27.5452,84.4669,2018-03-21,53
28.919,80.1669,2018-03-21,74
27.1301,84.3923,2018-03-21,65
27.2126,84.896,2018-03-21,74
27.1831,85.2568,2018-03-21,57
27.1581,85.2569,2018-03-21,80
27.1231,85.1001,2018-03-21,58
27.2393,85.8296,2018-03-21,50
27.7005,81.9491,2018-03-21,67
27.9607,84.2461,2018-03-21,65
27.6607,82.8783,2018-03-21,75
27.9095,84.9921,2018-03-21,68
27.7621,85.0439,2018-03-21,63
27.5418,84.4525,2018-03-21,84
27.5321,84.4547,2018-03-21,100
27.5342,84.4668,2018-03-21,66
27.5362,84.4789,2018-03-21,69
27.5387,84.5531,2018-03-21,62
27.5407,84.5651,2018-03-21,77
27.6074,85.6994,2018-03-21,69
27.6091,85.7099,2018-03-21,58
27.3681,84.7005,2018-03-21,58
27.2523,84.199,2018-03-21,70
27.3893,85.0277,2018-03-21,74
27.3534,84.8677,2018-03-21,60
27.3165,84.7043,2018-03-21,82
27.2918,84.795,2018-03-21,67
27.2855,84.7786,2018-03-21,100
27.2874,84.7904,2018-03-21,98
27.2758,84.7806,2018-03-21,79
27.2643,84.7708,2018-03-21,56
27.2258,84.7787,2018-03-21,66
27.2278,84.7905,2018-03-21,62
27.2472,85.0272,2018-03-21,58
27.1318,84.3993,2018-03-21,69
26.9713,87.1604,2018-03-21,76
26.9445,87.1654,2018-03-21,62
26.8085,86.4471,2018-03-21,64
26.8371,86.8822,2018-03-21,51
26.7496,86.6646,2018-03-21,66
26.7228,86.7325,2018-03-21,62
27.1155,85.1134,2018-03-21,75
27.139,85.3187,2018-03-21,68
27.1408,85.3299,2018-03-21,65
27.5077,87.7479,2018-03-21,86
27.1883,85.8066,2018-03-21,60
27.1351,85.8116,2018-03-21,55
27.0237,85.6951,2018-03-21,76
27.0254,85.7059,2018-03-21,56
26.9843,86.0288,2018-03-21,74
26.9752,86.0306,2018-03-21,70
26.8644,86.205,2018-03-21,66
26.552,84.5003,2018-03-21,69
29.1052,82.0746,2018-03-21,95
29.1077,82.0881,2018-03-21,73
28.3923,80.3471,2018-03-21,71
28.3964,80.368,2018-03-21,81
28.4276,80.8483,2018-03-21,63
28.2049,80.3405,2018-03-21,60
28.1924,80.3438,2018-03-21,67
28.9309,81.1394,2018-03-21,70
29.2469,81.0382,2018-03-21,63
28.8243,80.1161,2018-03-21,62
28.0101,82.2103,2018-03-21,52
27.7573,82.3854,2018-03-21,63
27.1216,87.6893,2018-03-22,57
27.1402,85.8031,2018-03-22,59
27.3305,84.8716,2018-03-22,53
27.413,85.014,2018-03-22,58
27.5359,84.4431,2018-03-22,71
27.1201,87.6992,2018-03-22,70
26.6157,81.6683,2018-03-22,68
26.6176,81.6585,2018-03-22,69
27.5432,80.0812,2018-03-22,63
27.186,84.3855,2018-03-22,68
26.9728,86.0111,2018-03-22,55
27.2113,85.0777,2018-03-22,67
27.2521,84.8412,2018-03-22,70
27.2579,84.7974,2018-03-22,64
27.5463,84.4618,2018-03-22,59
27.5484,84.4861,2018-03-22,85
27.5503,84.469,2018-03-22,77
27.5526,84.4933,2018-03-22,75
27.5391,84.4946,2018-03-22,52
27.2662,84.7671,2018-03-22,62
27.8461,81.9017,2018-03-22,78
27.2782,86.4253,2018-03-22,81
29.0646,81.0925,2018-03-23,55
28.4079,80.4986,2018-03-23,70
28.5284,80.4041,2018-03-23,58
27.8334,84.5794,2018-03-23,67
27.8377,84.559,2018-03-23,61
27.312,84.7529,2018-03-23,71
27.3151,84.759,2018-03-23,73
28.4054,80.5123,2018-03-23,67
26.9935,83.4897,2018-03-23,61
27.5672,80.8913,2018-03-23,62
26.992,83.5077,2018-03-23,51
27.574,83.9432,2018-03-23,79
27.7977,86.2666,2018-03-23,76
27.7568,86.2202,2018-03-23,80
27.7607,86.2098,2018-03-23,72
27.7633,86.2252,2018-03-23,59
27.3933,84.7057,2018-03-23,78
27.3985,84.7113,2018-03-23,76
27.3468,84.7603,2018-03-23,71
27.2919,84.6013,2018-03-23,78
27.3141,84.7539,2018-03-23,55
27.2461,84.8446,2018-03-23,77
27.2564,84.8983,2018-03-23,64
27.1641,85.0769,2018-03-23,85
27.1502,85.2575,2018-03-23,66
27.1533,85.2742,2018-03-23,71
27.1257,85.3153,2018-03-23,61
27.1274,85.3217,2018-03-23,75
26.8395,84.3174,2018-03-23,72
27.132,85.7964,2018-03-23,52
26.8493,84.3201,2018-03-23,64
28.0735,84.7991,2018-03-23,59
27.0338,87.1413,2018-03-23,61
27.036,87.1541,2018-03-23,56
27.8264,84.8379,2018-03-23,69
27.5862,83.9403,2018-03-23,70
26.7686,86.9871,2018-03-23,59
27.1333,86.5467,2018-03-23,59
29.0308,81.148,2018-03-23,61
27.9519,82.4437,2018-03-23,74
27.5395,84.4296,2018-03-23,52
27.5754,84.9203,2018-03-23,66
27.4881,85.03,2018-03-23,54
27.4826,85.037,2018-03-23,57
27.4186,84.6223,2018-03-23,65
27.3358,84.762,2018-03-23,66
27.3916,85.3394,2018-03-23,62
27.3207,84.8621,2018-03-23,60
27.2468,84.783,2018-03-23,54
27.2488,84.8695,2018-03-23,73
27.2502,84.8801,2018-03-23,74
27.2763,86.3856,2018-03-23,100
27.1646,85.7987,2018-03-23,65
27.1187,85.931,2018-03-23,59
26.7152,86.8229,2018-03-24,58
26.7302,86.8614,2018-03-24,54
27.134,85.3128,2018-03-24,77
26.9046,87.2677,2018-03-24,62
27.1369,85.3193,2018-03-24,68
27.1385,85.3044,2018-03-24,62
27.2314,85.0702,2018-03-24,74
27.2989,84.8789,2018-03-24,78
27.31,84.8805,2018-03-24,94
27.3118,84.8643,2018-03-24,61
27.3207,84.7828,2018-03-24,72
27.3225,84.7664,2018-03-24,70
27.1021,87.6807,2018-03-24,75
27.2724,86.4352,2018-03-24,55
27.5291,84.431,2018-03-24,58
27.7765,83.5097,2018-03-24,73
27.7667,83.5109,2018-03-24,70
27.8732,84.5103,2018-03-24,56
26.6004,87.6558,2018-03-24,65
29.0969,81.1098,2018-03-24,59
29.0461,81.1505,2018-03-24,61
29.031,81.1596,2018-03-24,75
28.9823,81.0041,2018-03-24,79
28.9837,81.0146,2018-03-24,72
28.7389,80.4933,2018-03-24,71
28.5065,81.2379,2018-03-24,74
28.3411,80.4104,2018-03-24,72
28.4,80.8423,2018-03-24,60
28.3322,80.412,2018-03-24,77
27.9446,82.4438,2018-03-24,70
29.147,81.072,2018-03-24,55
27.5754,85.0119,2018-03-24,55
27.4537,84.4133,2018-03-24,85
27.4553,84.4276,2018-03-24,83
27.3965,84.5157,2018-03-24,55
27.4106,84.9489,2018-03-24,54
27.3319,84.7628,2018-03-24,77
27.3336,84.7781,2018-03-24,63
27.1343,83.4873,2018-03-24,56
27.2526,85.3985,2018-03-24,51
27.1587,85.2673,2018-03-24,67
27.1604,85.2838,2018-03-24,72
27.1597,85.8087,2018-03-24,52
27.138,86.634,2018-03-24,56
27.1254,86.6343,2018-03-24,69
27.1275,86.656,2018-03-24,54
27.095,87.6816,2018-03-24,64
26.7521,86.7918,2018-03-24,73
26.7518,86.7969,2018-03-24,75
26.6454,87.7663,2018-03-24,76
26.6494,87.7467,2018-03-24,75
26.6517,87.7708,2018-03-24,69
27.7483,84.3975,2018-03-24,72
27.728,84.6123,2018-03-24,65
27.7137,84.6854,2018-03-24,67
27.711,84.6915,2018-03-24,74
27.6177,84.0574,2018-03-24,94
27.651,84.4486,2018-03-24,78
27.6527,84.4634,2018-03-24,58
27.7286,85.739,2018-03-24,61
27.6056,84.4608,2018-03-24,76
27.5428,84.4847,2018-03-24,67
28.0886,84.7866,2018-03-24,85
28.0854,84.7779,2018-03-24,80
28.0872,84.794,2018-03-24,84
27.9559,84.1994,2018-03-24,76
27.9575,84.2138,2018-03-24,63
27.9986,84.9124,2018-03-24,68
27.7519,82.8674,2018-03-24,69
27.7422,82.8692,2018-03-24,84
27.7665,83.5031,2018-03-24,53
27.7677,83.51,2018-03-24,61
29.4793,80.2619,2018-03-24,85
29.1445,80.5061,2018-03-24,63
27.7643,84.3953,2018-03-24,60
27.7932,84.4715,2018-03-24,62
27.7517,84.2646,2018-03-24,67
27.1162,85.938,2018-03-24,50
27.1557,85.7887,2018-03-24,50
27.3351,86.3989,2018-03-24,84
27.5035,84.7018,2018-03-25,63
28.1925,80.3862,2018-03-25,59
27.4244,84.5052,2018-03-25,58
27.4253,84.4997,2018-03-25,70
27.3633,84.7094,2018-03-25,50
27.0245,86.0629,2018-03-25,67
28.8747,80.152,2018-03-25,59
27.8424,84.9982,2018-03-25,70
27.8466,84.606,2018-03-25,52
27.8249,84.5368,2018-03-25,66
28.4428,80.38,2018-03-25,76
27.747,84.2611,2018-03-25,61
27.948,82.4654,2018-03-25,54
27.5146,84.7048,2018-03-25,59
27.0884,85.1579,2018-03-25,71
27.7929,83.7573,2018-03-25,55
27.7818,83.7663,2018-03-25,58
27.8478,84.993,2018-03-25,58
27.6886,84.6928,2018-03-25,69
27.6878,84.6967,2018-03-25,71
27.5341,84.4119,2018-03-25,79
27.5284,84.3887,2018-03-25,65
27.5349,84.4189,2018-03-25,76
27.0862,85.1632,2018-03-25,70
27.1288,86.6412,2018-03-25,62
26.769,87.2431,2018-03-25,66
26.9614,87.5609,2018-03-25,59
26.9627,87.571,2018-03-25,52
26.7738,86.5981,2018-03-25,64
26.7454,86.787,2018-03-25,63
26.8126,87.684,2018-03-25,61
26.6874,86.8339,2018-03-25,84
26.6888,86.8439,2018-03-25,64
26.8618,86.5046,2018-03-25,65
26.8855,86.474,2018-03-25,65
27.0851,87.183,2018-03-25,100
27.2394,87.7201,2018-03-25,71
27.2548,85.4625,2018-03-25,84
27.3468,84.8446,2018-03-25,56
27.3452,84.8342,2018-03-25,53
27.3667,84.7384,2018-03-25,76
27.3593,84.4476,2018-03-25,63
27.6778,84.5942,2018-03-25,71
27.7962,84.9501,2018-03-25,59
27.8617,85.0785,2018-03-25,57
27.8601,85.0683,2018-03-25,52
27.9207,84.6163,2018-03-25,69
27.9766,84.3801,2018-03-25,88
27.9858,84.3788,2018-03-25,81
27.9444,82.4772,2018-03-25,69
29.1138,81.1684,2018-03-25,57
29.2707,81.5083,2018-03-26,69
29.272,81.5036,2018-03-26,60
27.0902,87.569,2018-03-26,50
27.0789,87.5669,2018-03-26,67
27.3447,84.7539,2018-03-26,71
27.3469,84.7268,2018-03-26,66
26.883,87.1677,2018-03-26,68
27.0866,87.189,2018-03-26,51
27.0999,87.1765,2018-03-26,56
27.3403,84.7473,2018-03-26,75
26.6523,86.9892,2018-03-26,66
26.7438,86.7309,2018-03-26,74
26.7576,86.8476,2018-03-26,78
26.7499,86.7826,2018-03-26,90
27.0912,87.1713,2018-03-26,77
27.093,87.1869,2018-03-26,81
27.0679,87.0615,2018-03-26,58
27.0697,87.0767,2018-03-26,82
26.948,86.1377,2018-03-26,55
26.916,86.2231,2018-03-26,59
26.9253,87.0788,2018-03-26,72
26.9195,87.0863,2018-03-26,71
26.8,86.5985,2018-03-26,56
26.7687,86.5976,2018-03-26,61
27.3799,85.0411,2018-03-26,57
27.3813,85.0521,2018-03-26,68
27.2728,84.8566,2018-03-26,82
27.348,85.439,2018-03-26,51
27.2501,85.4605,2018-03-26,74
26.9887,84.2431,2018-03-26,67
27.1581,85.8553,2018-03-26,50
27.1485,85.8571,2018-03-26,51
27.0977,85.7062,2018-03-26,74
27.1207,85.8911,2018-03-26,81
27.2825,87.732,2018-03-26,79
27.2775,87.724,2018-03-26,61
27.6793,84.5933,2018-03-26,55
27.5841,83.9503,2018-03-26,79
27.6101,84.4222,2018-03-26,68
27.3729,83.5535,2018-03-26,71
27.4733,84.4248,2018-03-26,69
27.5018,84.7117,2018-03-26,68
27.2769,83.4643,2018-03-26,74
27.268,83.4659,2018-03-26,76
27.2562,83.4475,2018-03-26,80
27.3938,84.7364,2018-03-26,56
27.3777,84.6849,2018-03-26,59
27.3849,85.0069,2018-03-26,62
28.4045,80.8747,2018-03-26,52
29.3976,80.2657,2018-03-26,82
29.0471,81.1378,2018-03-26,85
28.9728,81.441,2018-03-26,67
29.0147,81.9018,2018-03-26,67
29.0161,81.9118,2018-03-26,68
28.4259,80.3748,2018-03-26,57
28.478,81.2233,2018-03-26,89
28.4797,81.2339,2018-03-26,89
28.4103,80.8511,2018-03-26,85
29.4825,80.2218,2018-03-26,76
28.2482,80.6938,2018-03-26,60
28.2184,82.0663,2018-03-26,65
28.2095,82.0678,2018-03-26,87
28.138,82.088,2018-03-26,82
28.1395,82.0981,2018-03-26,90
27.9618,82.0818,2018-03-26,55
27.9585,82.4312,2018-03-26,76
28.0564,83.7101,2018-03-26,71
27.7258,82.5386,2018-03-26,64
27.7391,82.8922,2018-03-26,61
27.7385,84.2122,2018-03-26,68
27.7969,84.9425,2018-03-26,91
27.7293,84.4931,2018-03-26,52
29.0346,81.1051,2018-03-26,83
29.0033,81.0347,2018-03-26,71
29.0091,81.0264,2018-03-26,69
27.1821,85.8147,2018-03-26,64
29.0391,81.1223,2018-03-26,54
27.3441,84.8352,2018-03-26,54
27.333,84.8336,2018-03-26,53
27.3205,84.6331,2018-03-26,75
27.3209,84.6273,2018-03-26,68
27.5684,84.8602,2018-03-27,81
27.517,84.6993,2018-03-27,58
27.5189,84.6881,2018-03-27,79
27.5664,84.8722,2018-03-27,75
27.2725,84.8528,2018-03-27,76
27.2743,84.8414,2018-03-27,84
27.282,84.8547,2018-03-27,91
27.2838,84.8433,2018-03-27,92
27.3586,84.3847,2018-03-27,76
27.2915,84.8566,2018-03-27,71
27.3097,84.8313,2018-03-27,54
27.3249,84.7408,2018-03-27,60
27.3324,84.754,2018-03-27,65
27.3306,84.8237,2018-03-27,90
27.3605,84.6434,2018-03-27,61
27.34,84.8256,2018-03-27,74
27.6926,82.5927,2018-03-27,53
27.1849,85.7995,2018-03-27,53
27.3701,84.7033,2018-03-27,55
27.3719,84.692,2018-03-27,65
27.7015,82.5943,2018-03-27,54
27.4668,84.3857,2018-03-27,52
27.3185,85.3847,2018-03-27,62
27.5352,84.377,2018-03-27,55
27.7722,82.8607,2018-03-27,62
27.2882,85.9187,2018-03-27,54
27.5037,84.69,2018-03-27,63
27.5076,84.6973,2018-03-27,82
27.5095,84.6861,2018-03-27,86
27.9723,81.6861,2018-03-27,66
26.7369,86.7617,2018-03-27,68
26.9671,86.1067,2018-03-27,63
26.7691,87.2832,2018-03-27,65
27.0586,85.6961,2018-03-27,65
27.0577,85.7018,2018-03-27,73
27.1317,85.3341,2018-03-27,60
27.3415,84.1362,2018-03-27,56
26.9861,86.2849,2018-03-27,50
27.1676,85.2421,2018-03-27,72
27.2188,85.0571,2018-03-27,81
26.5993,84.6492,2018-03-27,52
29.6245,80.4049,2018-03-27,51
28.5455,82.0557,2018-03-27,94
28.547,82.0457,2018-03-27,87
28.1415,85.0175,2018-03-27,61
28.8985,80.1561,2018-03-27,56
29.0084,81.0462,2018-03-27,70
28.9627,81.4494,2018-03-27,59
29.0548,81.1186,2018-03-27,69
29.0562,81.1084,2018-03-27,66
29.1208,81.1033,2018-03-27,71
29.1223,81.0924,2018-03-27,78
29.0174,81.9128,2018-03-27,75
27.9565,82.4333,2018-03-27,62
27.6571,84.4706,2018-03-27,54
27.7981,83.77,2018-03-27,52
27.8121,83.7402,2018-03-27,65
28.3401,80.4028,2018-03-27,71
27.7924,84.5021,2018-03-27,68
28.4162,80.877,2018-03-27,69
28.4649,80.8479,2018-03-27,73
27.9069,85.0781,2018-03-27,60
28.0635,84.813,2018-03-27,81
28.2007,84.087,2018-03-27,69
28.1137,84.684,2018-03-27,77
27.4693,87.6855,2018-03-27,71
27.4759,87.7161,2018-03-27,90
29.1167,81.0969,2018-03-27,62
28.9614,81.4409,2018-03-27,56
28.5432,82.0382,2018-03-27,52
27.5026,80.4363,2018-03-27,63
27.2291,80.7607,2018-03-27,50
27.2271,80.766,2018-03-27,56
29.5371,80.1232,2018-03-27,57
27.5338,84.6905,2018-03-27,69
27.5406,84.6947,2018-03-27,71
27.3404,84.797,2018-03-27,100
27.3429,84.8116,2018-03-27,100
27.3324,84.8139,2018-03-27,100
27.3219,84.8162,2018-03-27,100
27.3113,84.8184,2018-03-27,94
29.0296,81.1026,2018-03-28,55
26.8034,86.822,2018-03-28,61
27.2112,85.0597,2018-03-28,50
26.5881,81.6642,2018-03-28,65
27.3737,87.5681,2018-03-28,81
26.963,85.4957,2018-03-28,65
27.2777,87.7371,2018-03-28,72
27.2791,87.7476,2018-03-28,74
27.0479,87.5319,2018-03-28,85
27.0402,87.5439,2018-03-28,77
27.0416,87.5539,2018-03-28,57
27.9405,85.9419,2018-03-28,57
27.7136,84.6612,2018-03-28,59
27.5312,84.3732,2018-03-28,67
27.5344,84.697,2018-03-28,75
27.3183,83.5511,2018-03-28,70
27.2408,83.4367,2018-03-28,50
27.3422,84.4667,2018-03-28,58
27.3452,84.7891,2018-03-28,83
27.3177,84.79,2018-03-28,61
27.3193,84.8004,2018-03-28,71
27.3028,84.8143,2018-03-28,75
27.3044,84.8247,2018-03-28,78
27.2914,84.9227,2018-03-28,54
27.2554,84.7487,2018-03-28,71
27.257,84.759,2018-03-28,81
27.2345,84.9076,2018-03-28,57
27.2034,85.0086,2018-03-28,54
29.4671,80.327,2018-03-28,70
29.0254,81.0997,2018-03-28,61
28.6435,80.7133,2018-03-28,51
28.1023,83.7883,2018-03-28,61
27.5895,82.6877,2018-03-28,56
27.8272,84.8037,2018-03-28,56
29.4574,80.2756,2018-03-28,59
29.1065,81.1191,2018-03-28,52
29.1086,81.1031,2018-03-29,61
27.3172,84.9132,2018-03-29,64
27.4461,84.5292,2018-03-29,53
27.4929,84.328,2018-03-29,77
27.5287,84.2671,2018-03-29,64
27.5301,84.2568,2018-03-29,63
27.3495,84.4956,2018-03-29,56
27.0442,87.6343,2018-03-29,72
27.0461,87.623,2018-03-29,77
27.6323,83.9878,2018-03-29,77
27.6338,83.9774,2018-03-29,71
27.7114,84.3428,2018-03-29,52
27.9487,82.5422,2018-03-29,64
28.2319,80.3918,2018-03-29,71
28.7284,81.7346,2018-03-29,66
29.0341,81.1835,2018-03-29,66
27.4908,84.6677,2018-03-29,72
27.3157,84.9232,2018-03-29,55
27.0958,85.2969,2018-03-29,66
27.3337,83.6055,2018-03-29,51
27.2495,84.6166,2018-03-29,69
27.3673,83.7736,2018-03-29,54
27.2051,85.0507,2018-03-29,55
27.3481,84.5057,2018-03-29,58
28.0819,82.6448,2018-03-29,64
27.9397,82.3741,2018-03-29,64
27.9423,82.3782,2018-03-29,70
29.1975,81.1268,2018-03-29,76
28.8684,81.3538,2018-03-29,75
28.5545,82.0095,2018-03-29,67
27.7073,84.3389,2018-03-29,52
26.9535,85.9368,2018-03-30,53
28.3356,80.4577,2018-03-30,59
27.8391,81.7079,2018-03-30,63
27.0232,85.6782,2018-03-30,76
27.1016,87.1002,2018-03-30,64
26.6,84.4516,2018-03-30,58
26.8301,86.6814,2018-03-30,74
28.3759,80.4039,2018-03-30,74
28.3719,80.4097,2018-03-30,75
28.3664,80.383,2018-03-30,55
26.9359,84.2091,2018-03-31,62
29.1601,81.1705,2018-03-31,62
28.7891,80.3219,2018-03-31,66
28.7782,80.3122,2018-03-31,55
28.7797,80.3235,2018-03-31,71
28.7955,80.4485,2018-03-31,69
28.8074,80.7785,2018-03-31,52
29.4579,80.1113,2018-03-31,60
29.4523,80.2198,2018-03-31,74
29.1587,81.1584,2018-03-31,78
28.1465,81.9588,2018-03-31,61
28.145,81.9712,2018-03-31,74
27.8361,81.7153,2018-04-01,52
28.4305,80.9011,2018-04-01,72
28.468,81.9944,2018-04-01,60
29.0612,81.065,2018-04-01,60
27.5257,84.6499,2018-04-01,56
27.1109,85.2999,2018-04-01,70
29.1899,81.1383,2018-04-01,69
28.5408,80.5866,2018-04-01,51
27.5471,84.638,2018-04-01,72
27.5368,84.6297,2018-04-01,70
27.5382,84.6397,2018-04-01,56
27.5396,84.6497,2018-04-01,65
27.5131,84.6603,2018-04-01,62
27.3604,85.4106,2018-04-01,65
27.2764,85.8768,2018-04-01,56
29.1106,81.082,2018-04-01,72
29.1009,81.0837,2018-04-01,53
28.4023,81.414,2018-04-01,81
27.6223,84.7167,2018-04-01,61
27.5457,84.628,2018-04-01,89
27.5192,84.658,2018-04-02,60
27.5193,84.6648,2018-04-02,63
27.9619,81.2075,2018-04-02,62
27.0037,86.7795,2018-04-02,77
26.5583,84.5195,2018-04-02,72
26.9982,86.7758,2018-04-02,62
29.0855,81.0638,2018-04-02,81
29.1682,83.9761,2018-04-02,75
28.3776,80.7517,2018-04-02,73
28.3225,80.8207,2018-04-02,71
28.1451,82.2363,2018-04-02,77
27.9999,81.3294,2018-04-02,70
27.8963,82.4983,2018-04-02,61
27.8605,82.852,2018-04-02,59
28.0452,84.3717,2018-04-02,53
27.5825,83.9883,2018-04-02,81
27.5172,84.2778,2018-04-02,67
27.5399,84.6504,2018-04-02,53
27.5201,84.6532,2018-04-02,75
27.5216,84.6656,2018-04-02,71
27.5117,84.667,2018-04-02,53
27.332,83.6443,2018-04-02,82
27.2177,82.919,2018-04-02,70
27.2191,82.9294,2018-04-02,57
27.2316,84.8678,2018-04-02,74
27.0649,86.0068,2018-04-02,63
27.0665,86.0218,2018-04-02,56
27.0619,86.0129,2018-04-02,77
27.0025,85.7756,2018-04-02,87
27.0129,86.8064,2018-04-02,54
27.0146,86.8227,2018-04-02,68
27.4882,83.9199,2018-04-02,64
26.8282,86.6841,2018-04-02,53
28.7032,82.284,2018-04-03,66
28.8742,80.2101,2018-04-03,94
28.8756,80.1998,2018-04-03,68
27.1435,82.5019,2018-04-03,76
27.6756,80.2186,2018-04-03,65
26.9749,86.216,2018-04-03,71
27.64,82.4661,2018-04-03,51
27.6536,82.4861,2018-04-03,53
27.0692,86.0177,2018-04-03,71
27.2104,85.8198,2018-04-03,57
27.2133,85.8041,2018-04-03,69
28.1462,81.0381,2018-04-03,61
28.6675,80.1082,2018-04-03,75
26.5249,84.4733,2018-04-03,58
27.35,84.4132,2018-04-03,70
27.1385,85.1484,2018-04-04,71
27.108,85.6677,2018-04-04,58
26.9781,86.3344,2018-04-04,56
26.7589,86.8406,2018-04-04,84
27.5178,84.5781,2018-04-04,85
27.5192,84.5881,2018-04-04,85
27.5089,84.5798,2018-04-04,78
27.5103,84.5898,2018-04-04,77
28.4075,80.3961,2018-04-04,66
27.7277,82.7662,2018-04-04,71
27.6496,84.1511,2018-04-04,72
27.6511,84.1611,2018-04-04,79
27.5904,83.9351,2018-04-04,70
27.5929,84.4552,2018-04-04,81
27.5313,84.2817,2018-04-04,69
27.5327,84.2917,2018-04-04,97
27.5342,84.3017,2018-04-04,89
27.2714,82.6232,2018-04-04,56
27.5117,84.2816,2018-04-04,79
27.5473,84.5933,2018-04-04,78
27.3732,83.5304,2018-04-04,82
27.3747,83.5406,2018-04-04,58
28.4212,80.2987,2018-04-04,71
28.2327,80.3166,2018-04-05,56
28.2343,80.3035,2018-04-05,69
28.4247,80.8253,2018-04-05,70
28.4262,80.8129,2018-04-05,52
28.4267,80.819,2018-04-05,76
28.4479,80.8096,2018-04-05,58
28.6462,80.3496,2018-04-05,71
28.8368,80.1992,2018-04-05,53
27.7197,82.8753,2018-04-06,68
27.2367,82.9752,2018-04-06,68
27.2732,83.4295,2018-04-06,80
27.2756,83.4433,2018-04-06,78
27.4227,85.1165,2018-04-06,61
27.1304,85.2621,2018-04-06,70
28.7706,80.4485,2018-04-06,78
26.7632,87.0639,2018-04-07,61
27.5399,84.3546,2018-04-09,62
27.5355,84.3618,2018-04-09,65
27.2944,83.3409,2018-04-09,84
27.2095,83.0507,2018-04-09,71
27.2775,83.6316,2018-04-11,76
27.602,81.1789,2018-04-12,76
27.6113,81.176,2018-04-12,67
27.6728,81.5897,2018-04-12,80
27.3165,82.6415,2018-04-13,58
27.333,82.6464,2018-04-13,61
27.1903,83.3473,2018-04-13,76
27.3197,82.6478,2018-04-13,59
27.1895,83.3521,2018-04-13,80
27.1958,83.4034,2018-04-13,60
27.2241,83.3625,2018-04-13,64
27.2564,82.7592,2018-04-13,91
27.2584,82.7716,2018-04-13,76
27.4338,84.0943,2018-04-13,68
27.1105,82.6283,2018-04-13,96
27.1127,82.641,2018-04-13,88
27.1006,82.6305,2018-04-13,76
27.1027,82.6431,2018-04-13,98
27.1049,82.6557,2018-04-13,90
27.3498,84.1511,2018-04-13,67
27.3515,84.162,2018-04-13,51
27.1932,83.303,2018-04-13,85
27.1875,83.3283,2018-04-13,85
27.1894,83.34,2018-04-13,75
27.1607,83.3634,2018-04-13,83
27.1626,83.3751,2018-04-13,80
27.1649,85.0433,2018-04-13,52
27.1666,85.1166,2018-04-13,69
26.6128,83.3442,2018-04-13,93
26.6031,83.3462,2018-04-13,50
27.1366,87.7066,2018-04-13,83
27.2662,82.7571,2018-04-13,75
27.2676,82.7641,2018-04-13,75
27.2642,82.7447,2018-04-13,63
27.2683,82.7695,2018-04-13,67
28.4265,80.5009,2018-04-13,62
28.1409,81.2831,2018-04-13,72
28.1436,81.2978,2018-04-13,71
27.3276,82.6347,2018-04-13,86
27.3297,82.6473,2018-04-13,70
27.3177,82.6368,2018-04-13,71
27.2655,82.7517,2018-04-13,75
27.3268,82.6718,2018-04-13,72
27.1276,82.145,2018-04-14,75
27.2468,82.7961,2018-04-14,78
27.2483,82.7848,2018-04-14,67
27.1781,83.381,2018-04-14,84
28.4787,80.6949,2018-04-14,50
27.1796,83.3703,2018-04-14,72
27.219,83.3388,2018-04-14,93
27.2303,83.3956,2018-04-14,95
27.2318,83.3849,2018-04-14,87
27.2361,83.3526,2018-04-14,92
27.2376,83.3418,2018-04-14,100
27.239,83.331,2018-04-14,94
27.2517,83.3771,2018-04-14,100
27.261,83.3786,2018-04-14,95
27.3199,83.4826,2018-04-14,79
27.012,85.7572,2018-04-14,54
27.1723,85.1169,2018-04-14,67
27.8939,81.5317,2018-04-14,63
27.6008,84.445,2018-04-14,51
27.1271,87.7134,2018-04-14,61
26.7804,83.3335,2018-04-14,72
27.4033,83.1393,2018-04-14,66
27.3951,83.1202,2018-04-14,71
27.3973,83.1451,2018-04-14,75
27.3075,82.5995,2018-04-14,79
27.2985,82.9156,2018-04-14,67
27.2677,82.7279,2018-04-14,97
27.248,82.6599,2018-04-14,71
27.2322,82.779,2018-04-14,73
27.2343,82.8025,2018-04-14,71
28.2866,80.5308,2018-04-14,77
28.2884,80.5478,2018-04-14,73
27.3368,82.6582,2018-04-14,67
27.3338,82.6525,2018-04-14,65
27.3083,82.707,2018-04-14,100
27.3098,82.697,2018-04-14,100
27.3337,82.6602,2018-04-14,99
27.1474,83.3377,2018-04-14,77
27.149,83.3274,2018-04-14,52
27.1804,83.3652,2018-04-14,50
27.182,83.3549,2018-04-14,94
27.1378,82.7398,2018-04-15,90
27.1322,82.7658,2018-04-15,57
27.1332,82.7318,2018-04-15,82
27.1279,82.7578,2018-04-15,75
27.3388,82.6357,2018-04-15,59
26.9049,82.8894,2018-04-15,68
27.0332,83.0719,2018-04-15,86
27.0644,82.9937,2018-04-15,64
27.317,82.6033,2018-04-15,79
27.5119,84.7281,2018-04-15,57
27.3483,83.4245,2018-04-15,84
27.3421,83.4531,2018-04-15,80
27.3473,83.4174,2018-04-15,72
27.3413,83.4461,2018-04-15,84
27.3444,82.6438,2018-04-15,59
27.3297,83.6973,2018-04-15,79
27.2486,83.3229,2018-04-15,81
27.3648,84.1422,2018-04-15,85
27.3677,84.1579,2018-04-15,69
27.3539,84.1447,2018-04-15,61
27.1353,83.0481,2018-04-15,63
27.1721,83.3481,2018-04-15,94
27.1753,83.3657,2018-04-15,66
27.1605,83.3508,2018-04-15,85
27.5688,86.0822,2018-04-15,55
27.0273,83.0667,2018-04-15,78
26.8845,82.8714,2018-04-15,51
26.8882,82.8906,2018-04-15,100
26.8918,82.9097,2018-04-15,84
27.2084,85.0046,2018-04-15,90
27.8838,85.0287,2018-04-15,57
27.2114,84.9949,2018-04-15,81
27.2138,85.0088,2018-04-15,85
27.201,84.9972,2018-04-15,64
27.2034,85.011,2018-04-15,53
27.1891,85.1141,2018-04-15,68
26.7794,83.2979,2018-04-15,61
26.9048,84.2299,2018-04-15,51
26.5046,83.7525,2018-04-15,66
26.929,87.2212,2018-04-15,69
27.3447,85.7839,2018-04-15,55
27.6664,84.0227,2018-04-15,53
27.347,82.6414,2018-04-15,84
27.7268,84.6698,2018-04-15,77
27.7297,84.6857,2018-04-15,74
27.3443,82.6468,2018-04-15,85
27.3182,82.7748,2018-04-15,63
27.3508,82.6609,2018-04-15,56
27.3025,82.7586,2018-04-15,79
27.3062,82.7777,2018-04-15,100
27.346,82.9848,2018-04-15,63
27.3495,83.0033,2018-04-15,72
27.3739,83.1312,2018-04-15,84
27.2747,82.7724,2018-04-15,63
27.3474,83.4222,2018-04-15,90
27.3506,83.4395,2018-04-15,100
27.3392,83.4422,2018-04-15,88
27.43,84.0573,2018-04-15,79
27.5096,84.6399,2018-04-15,55
27.3506,82.7127,2018-04-15,89
27.3827,83.0928,2018-04-15,74
27.322,82.707,2018-04-15,85
27.3234,82.7174,2018-04-15,71
27.2926,82.765,2018-04-15,57
27.294,82.7754,2018-04-15,71
27.2954,82.7858,2018-04-15,87
27.2052,82.523,2018-04-15,55
27.2066,82.5333,2018-04-15,76
27.325,83.4268,2018-04-15,100
27.3278,83.4486,2018-04-15,78
27.2569,83.3386,2018-04-15,58
26.7795,83.3232,2018-04-15,63
28.8285,82.3606,2018-04-15,74
26.5029,83.5201,2018-04-16,61
27.1893,82.584,2018-04-16,65
27.1849,82.5904,2018-04-16,52
27.1744,83.3303,2018-04-16,69
27.2399,82.7387,2018-04-16,71
27.2963,82.7343,2018-04-16,95
27.2981,82.717,2018-04-16,99
27.3,82.6996,2018-04-16,89
27.3832,83.094,2018-04-16,71
27.5369,87.8014,2018-04-16,93
27.5612,86.0827,2018-04-16,60
27.5221,84.6029,2018-04-16,70
27.5423,84.2812,2018-04-16,73
27.3672,83.4545,2018-04-16,74
26.5919,83.3228,2018-04-16,63
27.3845,82.6779,2018-04-16,76
27.3845,83.2902,2018-04-16,87
27.3684,83.4528,2018-04-16,80
27.2749,82.699,2018-04-16,97
27.2644,82.7005,2018-04-16,100
27.266,82.7148,2018-04-16,70
27.1958,82.5312,2018-04-16,56
27.1854,82.5327,2018-04-16,81
27.1291,82.6456,2018-04-16,62
26.7812,83.2845,2018-04-16,50
28.5543,80.8781,2018-04-16,77
28.5928,81.1928,2018-04-16,72
28.4529,80.3749,2018-04-16,55
29.0809,81.187,2018-04-16,74
29.0784,81.1821,2018-04-16,69
29.05,81.1126,2018-04-16,52
27.1504,82.7286,2018-04-16,76
27.1015,82.8818,2018-04-16,56
27.1,82.8929,2018-04-16,79
27.2708,82.6902,2018-04-16,96
27.2965,82.7176,2018-04-16,69
27.356,82.6333,2018-04-16,56
27.362,82.587,2018-04-16,93
27.2624,83.6783,2018-04-16,75
27.2639,83.6678,2018-04-16,83
27.3864,82.7376,2018-04-16,71
27.3187,83.4707,2018-04-16,68
27.3549,84.0099,2018-04-16,64
27.7348,84.3903,2018-04-16,67
27.0906,82.8914,2018-04-16,84
27.2682,82.683,2018-04-16,91
27.2432,82.7256,2018-04-16,95
29.0745,81.2666,2018-04-17,58
29.0104,81.1585,2018-04-17,56
27.3384,83.4026,2018-04-17,89
27.2654,83.3611,2018-04-17,63
27.2688,83.3436,2018-04-17,90
27.3496,82.9208,2018-04-17,66
27.2803,83.3464,2018-04-17,60
27.2918,83.3491,2018-04-17,77
27.328,83.4128,2018-04-17,72
27.3313,83.3952,2018-04-17,82
28.2707,80.1042,2018-04-17,61
28.8098,81.1291,2018-04-17,73
26.3548,83.5188,2018-04-17,67
27.1201,82.5921,2018-04-17,80
27.123,82.5763,2018-04-17,69
27.1203,82.5979,2018-04-17,70
27.1232,82.5822,2018-04-17,85
27.0911,82.876,2018-04-17,72
27.0961,82.9115,2018-04-17,74
27.1023,82.8786,2018-04-17,68
27.1437,82.7191,2018-04-17,75
27.1547,82.7216,2018-04-17,76
27.1845,83.0604,2018-04-17,79
27.1876,83.0436,2018-04-17,66
27.2455,82.7324,2018-04-17,69
27.2683,82.6713,2018-04-17,83
27.2793,82.6738,2018-04-17,50
27.2813,83.2312,2018-04-17,75
27.2845,83.214,2018-04-17,80
27.2702,83.3557,2018-04-17,78
27.2734,83.3382,2018-04-17,84
27.3513,82.9148,2018-04-17,65
27.2807,83.2197,2018-04-17,84
27.2571,83.3313,2018-04-17,62
27.2425,82.7606,2018-04-17,78
27.6184,83.2096,2018-04-17,55
27.2926,83.3469,2018-04-17,68
27.3333,83.3959,2018-04-17,75
27.3319,83.401,2018-04-17,67
26.9735,83.5387,2018-04-17,74
27.1582,82.6328,2018-04-17,81
27.1305,82.6384,2018-04-17,80
27.1322,82.6491,2018-04-17,95
27.2486,83.4045,2018-04-17,97
27.123,82.651,2018-04-17,86
27.3271,84.0561,2018-04-17,69
27.0946,82.7121,2018-04-17,93
27.1168,82.9002,2018-04-17,83
27.0903,82.8509,2018-04-17,86
27.091,82.9162,2018-04-17,84
27.2536,84.4412,2018-04-17,91
27.0831,83.4697,2018-04-17,100
27.0847,83.4799,2018-04-17,100
26.9977,83.576,2018-04-17,67
26.9992,83.5862,2018-04-17,71
27.9776,82.2721,2018-04-17,75
27.3554,82.6081,2018-04-17,80
27.3212,82.5545,2018-04-17,66
27.301,82.5474,2018-04-17,80
27.353,83.0629,2018-04-17,79
27.2601,82.8158,2018-04-17,87
27.2426,82.7644,2018-04-17,78
27.2493,82.807,2018-04-17,85
27.2509,82.8176,2018-04-17,100
27.3224,83.4049,2018-04-17,100
27.3286,83.4459,2018-04-17,70
27.3118,83.3964,2018-04-17,72
27.3134,83.4067,2018-04-17,100
27.3149,83.4169,2018-04-17,92
27.4115,84.0648,2018-04-17,73
27.2871,83.2953,2018-04-17,100
27.2965,83.3571,2018-04-17,72
27.2781,83.2971,2018-04-17,96
27.2844,83.3383,2018-04-17,78
27.1675,82.6309,2018-04-17,85
27.1691,82.6417,2018-04-17,99
27.2691,83.2946,2018-04-17,74
27.2707,83.3049,2018-04-17,59
27.2908,83.4385,2018-04-17,78
27.2923,83.4488,2018-04-17,100
27.1565,82.622,2018-04-17,86
29.0605,81.0917,2018-04-17,68
29.0471,81.0716,2018-04-17,100
29.0491,81.0833,2018-04-17,100
29.0455,81.0778,2018-04-17,100
29.0474,81.0896,2018-04-17,91
28.9785,80.9157,2018-04-17,77
28.9973,81.1479,2018-04-17,83
28.9996,81.1617,2018-04-17,100
28.944,81.2054,2018-04-17,56
28.7686,81.2035,2018-04-17,95
28.7704,81.2149,2018-04-17,51
29.0585,81.0799,2018-04-17,100
29.0527,81.0779,2018-04-17,75
29.0493,81.0953,2018-04-17,62
27.1597,82.557,2018-04-17,52
27.2724,82.6721,2018-04-17,62
27.3055,83.4152,2018-04-17,58
27.134,82.6506,2018-04-17,62
27.1546,82.5487,2018-04-17,51
28.9091,81.4529,2018-04-18,57
26.9843,83.5866,2018-04-18,53
26.9978,83.5881,2018-04-18,78
27.0729,82.9138,2018-04-18,66
27.0763,82.9211,2018-04-18,74
27.1719,82.6462,2018-04-18,68
27.1894,83.6217,2018-04-18,67
27.2638,83.2711,2018-04-18,64
26.4084,83.5251,2018-04-18,70
27.4167,84.0542,2018-04-18,62
27.2406,82.7499,2018-04-18,88
27.242,82.7603,2018-04-18,66
27.1947,82.6051,2018-04-18,68
27.2212,82.8013,2018-04-18,88
27.224,82.822,2018-04-18,89
27.2254,82.8324,2018-04-18,89
27.254,83.1175,2018-04-18,83
29.2109,80.3288,2018-04-18,63
29.0856,81.2491,2018-04-18,52
28.9761,80.9316,2018-04-18,70
28.9319,80.6898,2018-04-18,72
28.9334,80.7,2018-04-18,63
28.9917,81.1679,2018-04-18,50
28.9382,81.1222,2018-04-18,87
28.9397,81.1324,2018-04-18,82
28.8066,80.406,2018-04-18,83
28.7649,80.4351,2018-04-18,56
28.8566,81.1272,2018-04-18,62
28.9025,81.4518,2018-04-18,53
28.6152,80.1109,2018-04-18,71
28.795,82.0071,2018-04-18,73
28.6881,81.7588,2018-04-18,69
28.6135,81.3564,2018-04-18,50
28.5348,80.8795,2018-04-18,78
28.3945,80.7974,2018-04-18,87
28.396,80.8075,2018-04-18,76
27.4275,80.9956,2018-04-18,76
27.3831,81.2564,2018-04-18,69
27.5837,83.9216,2018-04-18,69
27.5851,83.9331,2018-04-18,83
27.4228,82.7384,2018-04-18,71
27.4242,82.7488,2018-04-18,75
27.4084,82.7571,2018-04-18,67
27.361,82.5432,2018-04-18,77
27.3624,82.5534,2018-04-18,55
27.354,82.6287,2018-04-18,60
27.3157,82.5509,2018-04-18,91
27.3171,82.5612,2018-04-18,100
27.3081,82.5628,2018-04-18,100
27.3095,82.5731,2018-04-18,96
27.3771,83.0846,2018-04-18,81
27.3308,82.7983,2018-04-18,63
27.2853,82.5314,2018-04-18,57
27.2464,82.5172,2018-04-18,60
27.3331,83.2404,2018-04-18,74
26.6214,83.3416,2018-04-18,93
26.6108,83.3326,2018-04-18,100
26.6121,83.3432,2018-04-18,100
26.5991,83.9497,2018-04-18,73
26.6005,83.9609,2018-04-18,89
26.4163,83.5129,2018-04-18,68
26.4177,83.5236,2018-04-18,86
27.2722,83.2561,2018-04-18,77
27.2197,82.9294,2018-04-18,72
27.2211,82.9399,2018-04-18,79
27.263,83.2576,2018-04-18,73
27.1648,82.5892,2018-04-18,95
27.1662,82.5995,2018-04-18,100
27.2148,82.9624,2018-04-18,83
27.3627,84.1157,2018-04-18,60
27.342,84.1071,2018-04-18,71
27.1377,82.5939,2018-04-18,92
27.215,83.5262,2018-04-18,71
27.085,82.6831,2018-04-18,73
27.0864,82.6934,2018-04-18,75
27.0881,82.9155,2018-04-18,83
27.0712,82.9134,2018-04-18,72
27.0726,82.9239,2018-04-18,78
27.2018,84.2967,2018-04-18,69
27.0139,83.5379,2018-04-18,53
27.0046,83.5394,2018-04-18,71
26.793,83.3227,2018-04-18,87
26.7944,83.3334,2018-04-18,95
26.6186,83.3205,2018-04-18,64
26.62,83.331,2018-04-18,63
29.7379,80.406,2018-04-18,62
27.1162,82.9084,2018-04-18,65
28.9178,81.4398,2018-04-18,69
26.8691,82.9077,2018-04-18,53
27.0897,82.7618,2018-04-18,57
27.1305,82.921,2018-04-18,79
27.4097,82.753,2018-04-18,50
26.8006,83.315,2018-04-18,62
28.9095,81.4665,2018-04-19,55
28.97,80.9371,2018-04-19,66
28.9328,81.1275,2018-04-19,70
28.714,81.7195,2018-04-19,62
28.4,83.3962,2018-04-19,82
28.6792,81.2791,2018-04-19,74
28.6047,81.3481,2018-04-19,54
28.4592,81.4538,2018-04-19,58
28.3582,80.6455,2018-04-19,73
29.7206,80.3961,2018-04-19,68
27.3715,82.7794,2018-04-19,92
27.3606,83.4017,2018-04-19,77
28.0145,80.0238,2018-04-19,72
27.3823,82.7138,2018-04-19,69
27.3123,83.3137,2018-04-19,52
27.3688,83.2363,2018-04-19,64
27.351,83.3997,2018-04-19,82
27.4426,83.0871,2018-04-19,57
27.2911,84.1675,2018-04-19,83
27.3516,82.9007,2018-04-19,83
27.3623,82.6807,2018-04-19,73
27.3404,82.9099,2018-04-19,69
27.3422,82.8988,2018-04-19,93
27.3801,82.6684,2018-04-19,88
27.2401,83.5653,2018-04-19,73
27.3497,82.9118,2018-04-19,69
26.3781,81.475,2018-04-19,73
26.5551,81.4061,2018-04-19,61
26.6492,81.6922,2018-04-19,67
26.6508,81.682,2018-04-19,76
26.4257,83.6892,2018-04-19,90
26.9016,82.8817,2018-04-19,77
27.0451,83.0742,2018-04-19,67
27.047,83.0629,2018-04-19,67
27.0994,82.9225,2018-04-19,91
27.107,82.9356,2018-04-19,86
27.1088,82.9244,2018-04-19,83
27.1258,82.9394,2018-04-19,68
27.1251,83.5044,2018-04-19,62
27.2197,82.9304,2018-04-19,79
27.2215,82.9193,2018-04-19,87
27.3031,82.6913,2018-04-19,61
27.3137,82.626,2018-04-19,83
27.3282,82.5954,2018-04-19,82
27.33,82.5846,2018-04-19,94
27.3479,82.5325,2018-04-19,90
27.3496,82.5218,2018-04-19,71
27.1944,83.5247,2018-04-19,66
27.322,82.7515,2018-04-19,66
27.2041,83.5267,2018-04-19,69
26.4182,83.6615,2018-04-19,76
26.4298,83.7104,2018-04-19,75
26.429,83.7068,2018-04-19,76
26.9888,83.5567,2018-04-19,66
26.9884,83.5539,2018-04-19,75
26.4193,83.665,2018-04-19,77
29.4547,80.673,2018-04-19,54
26.9383,83.5474,2018-04-19,78
29.0129,81.0625,2018-04-19,59
29.0162,81.0797,2018-04-19,68
28.9203,81.4292,2018-04-19,56
27.8524,80.0199,2018-04-19,50
28.063,82.7564,2018-04-19,100
28.0656,82.771,2018-04-19,82
28.0704,82.7592,2018-04-19,87
28.0599,82.7628,2018-04-19,89
27.3757,82.6889,2018-04-19,100
27.3784,82.7042,2018-04-19,83
27.3648,82.6914,2018-04-19,100
27.3676,82.7067,2018-04-19,78
27.3354,82.7774,2018-04-19,68
27.3335,82.7835,2018-04-19,90
27.3761,83.2158,2018-04-19,71
27.3786,83.23,2018-04-19,76
27.3433,83.3982,2018-04-19,53
27.4064,84.0523,2018-04-19,71
27.4085,84.065,2018-04-19,63
27.2076,82.9741,2018-04-19,81
27.0003,83.5559,2018-04-19,89
27.408,84.1828,2018-04-19,70
27.1398,82.7232,2018-04-19,94
27.013,83.5673,2018-04-19,90
27.0106,83.5536,2018-04-19,83
27.0258,83.5787,2018-04-19,85
26.9858,82.897,2018-04-19,63
27.1271,83.3196,2018-04-19,82
27.1246,83.3055,2018-04-19,83
27.0667,82.8472,2018-04-19,72
27.298,84.081,2018-04-19,75
27.1386,82.7292,2018-04-19,90
27.2103,82.9888,2018-04-19,97
27.005,83.5611,2018-04-19,100
26.9693,83.5405,2018-04-19,77
26.9764,83.5817,2018-04-19,100
26.9788,83.5954,2018-04-19,73
26.9358,83.5336,2018-04-19,83
27.8575,80.0202,2018-04-19,56
26.808,82.9855,2018-04-19,70
27.4177,83.442,2018-04-20,68
27.3183,83.2918,2018-04-20,64
26.4401,83.7422,2018-04-20,83
26.4416,83.7523,2018-04-20,76
26.8736,83.1959,2018-04-20,100
26.3855,83.8734,2018-04-20,86
26.3945,83.8717,2018-04-20,74
26.8645,83.1977,2018-04-20,80
26.8177,83.3085,2018-04-20,76
27.393,84.0782,2018-04-20,74
27.3855,84.0899,2018-04-20,83
27.3222,84.5387,2018-04-20,59
27.0545,82.9364,2018-04-20,79
27.0999,83.5325,2018-04-20,65
27.1015,83.5427,2018-04-20,93
27.0909,83.5343,2018-04-20,87
27.0924,83.5445,2018-04-20,100
29.0667,81.2859,2018-04-20,63
28.9011,81.4648,2018-04-20,82
28.9031,81.4767,2018-04-20,52
28.8181,81.5265,2018-04-20,77
28.6515,81.4326,2018-04-20,62
28.6466,81.428,2018-04-20,70
28.5876,81.4897,2018-04-20,64
28.226,82.045,2018-04-20,72
27.3438,83.0781,2018-04-20,68
28.0618,82.7501,2018-04-20,100
28.0663,82.7359,2018-04-20,96
28.0685,82.7569,2018-04-20,100
28.0564,82.7572,2018-04-20,58
27.0648,83.4531,2018-04-20,76
28.5361,81.4808,2018-04-20,53
28.5346,81.4664,2018-04-20,65
28.5906,81.3481,2018-04-20,75
26.9781,82.9051,2018-04-20,59
27.1071,82.6394,2018-04-20,89
27.1042,82.8393,2018-04-20,100
27.1075,82.6472,2018-04-20,83
27.1059,82.8472,2018-04-20,84
27.2964,83.194,2018-04-21,71
27.108,83.5371,2018-04-21,76
27.1221,83.3147,2018-04-21,77
27.0931,83.514,2018-04-21,86
27.0916,83.524,2018-04-21,78
27.0827,83.5224,2018-04-21,62
27.338,82.9019,2018-04-21,77
27.3365,82.912,2018-04-21,74
27.305,83.1338,2018-04-21,73
27.3036,83.1438,2018-04-21,70
27.2629,83.2949,2018-04-21,97
27.2585,83.3249,2018-04-21,75
27.197,83.6823,2018-04-21,71
27.2941,82.9503,2018-04-21,99
27.2927,82.9604,2018-04-21,86
27.1201,83.6415,2018-04-21,63
27.1796,83.1711,2018-04-21,56
27.1169,83.5387,2018-04-21,71
27.3211,83.0851,2018-04-21,73
27.3203,83.2188,2018-04-21,66
27.3512,83.1316,2018-04-21,95
27.3225,83.3936,2018-04-21,82
27.3979,82.9331,2018-04-21,61
27.4069,82.9346,2018-04-21,71
27.4346,82.8043,2018-04-21,64
27.4083,83.0552,2018-04-21,99
27.3667,83.4079,2018-04-21,69
27.4172,83.0567,2018-04-21,60
27.1811,84.7026,2018-04-21,65
27.4447,83.1854,2018-04-21,66
27.5382,82.9181,2018-04-21,68
28.1221,80.7321,2018-04-21,62
27.9484,82.3533,2018-04-21,58
28.4395,81.3551,2018-04-21,60
28.4491,81.3567,2018-04-21,61
28.595,81.3458,2018-04-21,60
28.7317,80.4901,2018-04-21,56
28.6359,81.3311,2018-04-21,52
28.4565,83.2593,2018-04-21,59
28.7687,81.4218,2018-04-21,70
28.8434,81.1437,2018-04-21,62
28.8577,81.1094,2018-04-21,69
28.9009,81.4862,2018-04-21,60
28.9023,81.4751,2018-04-21,68
28.9056,81.4817,2018-04-21,80
27.1444,82.9015,2018-04-21,70
27.1729,82.6364,2018-04-21,68
26.9691,82.9058,2018-04-21,62
26.5683,83.3829,2018-04-21,55
26.5697,83.373,2018-04-21,64
26.8097,83.3058,2018-04-21,74
26.8197,83.304,2018-04-21,85
26.9291,82.862,2018-04-21,64
26.9277,82.872,2018-04-21,85
26.3695,81.5886,2018-04-21,60
26.9437,83.5869,2018-04-21,81
26.9451,83.577,2018-04-21,87
27.0466,82.878,2018-04-21,74
27.048,82.8679,2018-04-21,71
26.9555,83.5686,2018-04-21,81
26.957,83.5587,2018-04-21,82
27.0551,82.9479,2018-04-21,77
26.976,83.5584,2018-04-21,88
26.9775,83.5485,2018-04-21,83
27.0498,83.0499,2018-04-21,60
27.063,83.0213,2018-04-21,68
27.0262,83.4654,2018-04-21,67
27.0277,83.4554,2018-04-21,97
27.0162,83.5962,2018-04-21,85
27.0176,83.5863,2018-04-21,95
27.047,83.4486,2018-04-21,71
27.1628,82.7077,2018-04-21,76
26.8627,83.2181,2018-04-21,64
27.0838,82.6149,2018-04-21,67
27.0818,82.6231,2018-04-21,74
27.0252,83.4497,2018-04-21,82
27.0152,83.4554,2018-04-21,73
26.859,83.2138,2018-04-21,75
28.8542,81.1077,2018-04-21,78
27.2275,82.9306,2018-04-21,66
27.3826,82.9706,2018-04-21,52
27.3951,82.9646,2018-04-21,66
28.6841,81.9753,2018-04-21,76
28.6701,81.8043,2018-04-21,50
28.8267,81.5155,2018-04-21,71
27.6853,83.6258,2018-04-21,65
27.3902,84.0817,2018-04-21,72
27.1269,82.8394,2018-04-21,78
27.1195,82.8466,2018-04-21,59
27.0396,82.8673,2018-04-21,78
27.0457,82.8723,2018-04-21,76
27.3341,84.4297,2018-04-21,76
27.0878,83.5605,2018-04-21,69
27.0891,83.5656,2018-04-21,95
27.0422,83.4624,2018-04-21,71
27.0384,83.5784,2018-04-21,71
26.8569,82.9518,2018-04-21,76
26.8628,82.9568,2018-04-21,66
26.529,83.5381,2018-04-21,61
28.6199,81.5145,2018-04-21,72
27.883,82.8639,2018-04-21,60
27.4701,82.9508,2018-04-21,62
27.3684,83.3881,2018-04-21,86
27.3665,83.3997,2018-04-21,50
27.8707,80.0203,2018-04-21,82
27.3126,82.5451,2018-04-21,58
27.2915,82.675,2018-04-21,86
27.1201,83.6417,2018-04-21,56
27.1362,82.8468,2018-04-21,67
27.1344,82.8579,2018-04-21,58
26.3598,83.503,2018-04-21,72
28.9746,80.9247,2018-04-21,69
26.8553,83.1955,2018-04-22,61
26.8548,83.2727,2018-04-22,63
26.8964,83.535,2018-04-22,61
27.1983,82.8582,2018-04-22,72
27.1929,82.8621,2018-04-22,76
27.0936,83.5629,2018-04-22,69
27.385,82.7803,2018-04-22,63
27.3806,82.7843,2018-04-22,63
27.3506,83.1377,2018-04-22,61
28.7405,80.4773,2018-04-22,65
26.4747,83.4609,2018-04-22,63
26.3817,83.8185,2018-04-22,66
26.3911,83.778,2018-04-22,63
26.4803,83.4676,2018-04-22,51
26.5025,83.5977,2018-04-22,61
26.5611,83.4906,2018-04-22,71
26.5697,83.4523,2018-04-22,90
26.5773,83.4952,2018-04-22,68
26.5858,83.4568,2018-04-22,76
26.5663,83.4986,2018-04-22,60
26.84,82.8476,2018-04-22,59
26.3782,83.8124,2018-04-22,70
26.8401,83.2232,2018-04-22,58
27.1457,82.6171,2018-04-22,61
27.3833,84.0598,2018-04-22,78
27.0966,82.6659,2018-04-22,74
27.1326,82.865,2018-04-22,74
27.1407,82.9723,2018-04-22,73
27.0892,82.8118,2018-04-22,68
27.2707,83.9437,2018-04-22,61
27.3193,84.4168,2018-04-22,84
27.3213,84.429,2018-04-22,84
27.3258,84.5162,2018-04-22,66
27.5196,85.712,2018-04-22,60
27.6283,83.8689,2018-04-22,65
27.6305,83.8821,2018-04-22,72
27.4628,83.035,2018-04-22,76
27.3718,82.7141,2018-04-22,81
27.3746,82.7293,2018-04-22,60
27.476,83.5772,2018-04-22,78
27.5955,84.4653,2018-04-22,56
27.2364,82.5402,2018-04-22,75
27.4604,83.9714,2018-04-22,65
27.2086,82.5862,2018-04-22,79
27.0997,83.5431,2018-04-22,65
27.1021,83.5569,2018-04-22,92
27.0894,83.5454,2018-04-22,81
27.0917,83.5592,2018-04-22,100
27.3821,85.303,2018-04-22,72
27.3839,85.3142,2018-04-22,54
26.9807,82.9898,2018-04-22,85
26.9834,83.0047,2018-04-22,85
26.9725,83.1298,2018-04-22,57
26.9107,82.912,2018-04-22,60
27.2851,85.0657,2018-04-22,70
26.8508,82.5942,2018-04-22,62
26.9086,82.9192,2018-04-22,65
26.8871,82.861,2018-04-22,73
26.8898,82.8762,2018-04-22,83
26.9346,83.1298,2018-04-22,54
26.8977,82.9843,2018-04-22,71
26.9418,83.5418,2018-04-22,76
26.9442,83.5556,2018-04-22,68
26.8195,82.9238,2018-04-22,86
26.8265,82.9116,2018-04-22,60
26.8183,82.9292,2018-04-22,84
27.1274,84.8101,2018-04-22,79
26.5333,81.4997,2018-04-22,71
26.8308,83.1888,2018-04-22,59
26.9169,83.6806,2018-04-22,68
26.5472,82.8918,2018-04-22,62
26.5864,83.382,2018-04-22,62
26.5578,83.6843,2018-04-22,99
26.556,83.7977,2018-04-22,63
26.495,83.5106,2018-04-22,76
26.4975,83.5246,2018-04-22,77
26.4994,83.5968,2018-04-22,69
26.4659,83.7534,2018-04-22,72
26.4491,83.8413,2018-04-22,78
26.4246,83.7624,2018-04-22,75
26.4435,83.8704,2018-04-22,61
26.3908,83.7895,2018-04-22,100
26.3931,83.803,2018-04-22,100
26.3805,83.7917,2018-04-22,80
26.3828,83.8053,2018-04-22,83
28.664,81.9788,2018-04-22,62
28.6137,81.5141,2018-04-22,60
28.6212,81.508,2018-04-22,75
28.5391,80.8898,2018-04-22,72
28.8447,81.5185,2018-04-22,52
28.8409,81.4977,2018-04-22,57
28.8719,81.4725,2018-04-22,66
28.8673,81.1441,2018-04-22,61
28.7403,80.488,2018-04-22,56
28.7908,80.4057,2018-04-22,80
29.0025,81.1124,2018-04-22,90
29.0144,81.1952,2018-04-22,78
29.0009,81.1258,2018-04-22,55
28.9974,81.1076,2018-04-22,85
29.1065,81.4884,2018-04-22,61
26.8767,83.2087,2018-04-22,70
26.9219,83.6725,2018-04-22,68
26.8452,83.2072,2018-04-22,64
26.8171,83.224,2018-04-22,71
26.721,84.0536,2018-04-22,83
26.57,83.3678,2018-04-22,98
26.5715,83.3802,2018-04-22,98
26.573,83.3926,2018-04-22,74
26.4309,83.7358,2018-04-22,70
27.215,82.8117,2018-04-22,75
27.214,83.0641,2018-04-22,52
27.5179,85.7203,2018-04-22,56
27.1623,82.8871,2018-04-22,84
27.1264,82.6759,2018-04-22,74
27.1279,82.6876,2018-04-22,66
27.1216,82.7964,2018-04-22,57
27.123,82.8083,2018-04-22,84
27.1022,82.7995,2018-04-22,50
27.1039,82.8962,2018-04-22,70
27.1054,82.9082,2018-04-22,60
27.1024,82.9022,2018-04-22,84
27.0706,82.7261,2018-04-22,67
27.0595,82.7159,2018-04-22,67
27.0609,82.7276,2018-04-22,88
27.0562,82.8486,2018-04-22,86
27.1108,83.5596,2018-04-22,53
27.0606,83.5604,2018-04-22,79
26.8964,82.9585,2018-04-22,81
26.9689,83.646,2018-04-22,88
26.8865,83.2072,2018-04-22,71
26.888,83.2195,2018-04-22,91
26.8362,82.8709,2018-04-22,52
27.3093,82.9998,2018-04-22,76
27.2995,83.0013,2018-04-22,61
27.2371,82.5926,2018-04-22,59
27.2591,82.7685,2018-04-22,57
27.2606,82.7803,2018-04-22,76
27.2407,82.6992,2018-04-22,60
27.204,82.5623,2018-04-22,98
27.192,82.6234,2018-04-22,99
28.6393,81.5106,2018-04-22,71
28.6301,81.5124,2018-04-22,87
28.522,81.4585,2018-04-22,58
28.3274,81.5934,2018-04-22,75
28.3168,81.5848,2018-04-22,60
27.7734,82.7221,2018-04-22,71
27.5615,82.6484,2018-04-22,98
27.6269,83.8029,2018-04-22,53
27.3548,82.8817,2018-04-22,75
27.3563,82.8938,2018-04-22,57
27.4156,83.4696,2018-04-22,50
27.2697,82.5108,2018-04-22,67
27.2959,82.8054,2018-04-22,55
29.0126,81.1395,2018-04-22,100
29.7841,80.3719,2018-04-22,54
29.821,80.3051,2018-04-22,63
28.7248,81.7601,2018-04-22,59
28.6858,81.4525,2018-04-22,70
28.6761,81.3768,2018-04-22,69
28.7193,81.3464,2018-04-22,74
28.8555,81.3441,2018-04-22,82
28.9914,81.1202,2018-04-22,100
29.0034,81.1407,2018-04-22,100
29.0019,81.129,2018-04-22,87
26.3546,83.4573,2018-04-23,86
26.3527,83.6273,2018-04-23,74
26.3711,83.4843,2018-04-23,80
26.3546,83.6336,2018-04-23,72
26.3561,83.6218,2018-04-23,64
26.3723,83.4906,2018-04-23,82
26.4009,83.4211,2018-04-23,62
26.4024,83.4089,2018-04-23,100
26.4086,83.9031,2018-04-23,80
26.4945,83.4045,2018-04-23,75
26.4468,83.939,2018-04-23,78
26.4483,83.9275,2018-04-23,77
26.4564,83.9405,2018-04-23,100
26.4578,83.929,2018-04-23,100
26.5073,83.5419,2018-04-23,79
26.517,83.5434,2018-04-23,66
27.6894,82.5871,2018-04-23,55
27.5768,83.9396,2018-04-23,81
27.5783,83.9277,2018-04-23,85
27.6271,83.7957,2018-04-23,58
27.7151,83.1522,2018-04-23,83
27.7541,84.1398,2018-04-23,61
27.6391,85.674,2018-04-23,58
27.6405,85.6637,2018-04-23,66
27.6327,86.0456,2018-04-23,66
27.7773,85.869,2018-04-23,74
28.559,80.0878,2018-04-23,76
28.5591,80.0937,2018-04-23,73
28.5611,80.0721,2018-04-23,60
28.8625,81.338,2018-04-23,50
29.0136,81.2179,2018-04-23,80
29.0202,81.226,2018-04-23,80
26.6111,83.3656,2018-04-23,57
26.5799,83.6926,2018-04-23,78
26.5814,83.6807,2018-04-23,74
26.5507,83.9961,2018-04-23,75
26.6838,83.7511,2018-04-23,86
26.7118,83.6099,2018-04-23,78
26.7134,83.598,2018-04-23,69
26.8327,82.8796,2018-04-23,72
26.8617,82.8972,2018-04-23,81
26.8633,82.884,2018-04-23,81
26.8246,83.2837,2018-04-23,89
26.802,83.5437,2018-04-23,79
26.8036,83.5316,2018-04-23,71
26.9062,83.1996,2018-04-23,83
26.9077,83.1869,2018-04-23,87
26.9178,83.1884,2018-04-23,63
26.9542,83.1418,2018-04-23,98
26.9645,83.1364,2018-04-23,61
26.929,83.5135,2018-04-23,87
26.9715,83.1635,2018-04-23,56
26.9555,83.5423,2018-04-23,86
26.957,83.5301,2018-04-23,85
27.0173,83.039,2018-04-23,85
27.0189,83.026,2018-04-23,83
27.0756,82.6394,2018-04-23,77
26.984,83.6332,2018-04-23,87
27.0793,82.9547,2018-04-23,70
27.0973,82.8084,2018-04-23,81
27.099,82.7949,2018-04-23,83
27.1072,82.7273,2018-04-23,66
27.1089,82.7137,2018-04-23,100
27.1105,82.7001,2018-04-23,100
27.1122,82.6864,2018-04-23,96
27.0767,82.961,2018-04-23,70
27.0954,82.8011,2018-04-23,88
27.1064,82.7061,2018-04-23,100
27.1079,82.6924,2018-04-23,100
27.1151,82.7212,2018-04-23,100
27.1167,82.7076,2018-04-23,100
27.1183,82.6939,2018-04-23,100
27.1536,82.5726,2018-04-23,100
27.1552,82.5587,2018-04-23,100
27.1159,82.9801,2018-04-23,75
27.1657,82.5602,2018-04-23,81
27.0392,83.685,2018-04-23,64
27.0407,83.673,2018-04-23,77
27.0559,83.5517,2018-04-23,54
27.0821,83.3412,2018-04-23,72
27.0596,83.6019,2018-04-23,73
27.1571,82.8099,2018-04-23,80
27.1588,82.7964,2018-04-23,92
27.1005,83.3567,2018-04-23,66
27.0762,83.6291,2018-04-23,76
27.1151,83.3205,2018-04-23,86
27.1794,82.7994,2018-04-23,99
27.2092,82.5521,2018-04-23,95
27.1848,82.8412,2018-04-23,76
27.1864,82.8278,2018-04-23,83
27.1831,82.8335,2018-04-23,89
27.1607,83.1123,2018-04-23,53
27.1127,83.5912,2018-04-23,66
27.1142,83.5789,2018-04-23,87
27.1832,83.0094,2018-04-23,68
27.1887,83.0502,2018-04-23,71
27.2364,82.6469,2018-04-23,81
27.2589,82.6361,2018-04-23,95
27.2605,82.6222,2018-04-23,55
27.2176,83.0677,2018-04-23,78
27.2368,82.9094,2018-04-23,81
27.2261,83.0822,2018-04-23,77
27.3311,82.5249,2018-04-23,95
27.3328,82.5108,2018-04-23,78
27.2259,83.5775,2018-04-23,78
27.2744,83.2664,2018-04-23,59
27.2987,83.1523,2018-04-23,68
27.3162,83.0085,2018-04-23,76
27.3178,82.9952,2018-04-23,80
27.3258,82.9288,2018-04-23,55
27.3377,82.9169,2018-04-23,82
27.2865,83.6673,2018-04-23,62
27.3647,83.0217,2018-04-23,64
27.3796,82.9834,2018-04-23,63
27.3812,82.9701,2018-04-23,82
27.1602,84.8003,2018-04-23,76
27.4339,82.9642,2018-04-23,70
27.3831,83.6265,2018-04-23,80
27.3846,83.6142,2018-04-23,50
27.3967,83.5154,2018-04-23,88
27.1412,85.5464,2018-04-23,57
27.4678,83.097,2018-04-23,61
27.4716,83.1508,2018-04-23,62
27.384,84.0891,2018-04-23,84
27.4829,83.3102,2018-04-23,64
27.6693,82.0531,2018-04-23,69
27.671,82.0378,2018-04-23,80
27.5027,83.5626,2018-04-23,76
27.6535,82.6769,2018-04-23,67
27.6102,83.5866,2018-04-23,59
27.4603,83.0999,2018-04-23,67
27.3844,83.1361,2018-04-23,76
27.2563,82.1222,2018-04-23,78
27.5152,85.7147,2018-04-23,58
27.3613,84.0963,2018-04-23,53
27.145,82.688,2018-04-23,81
27.1125,83.0136,2018-04-23,58
27.0708,82.9619,2018-04-23,85
27.0367,82.9851,2018-04-23,84
27.0929,83.5735,2018-04-23,83
27.0948,83.5941,2018-04-23,58
27.0307,82.9929,2018-04-23,81
27.0906,83.5809,2018-04-23,83
26.9755,83.1724,2018-04-23,74
26.9942,83.6342,2018-04-23,92
26.9961,83.655,2018-04-23,89
26.994,83.6396,2018-04-23,100
26.9961,83.6604,2018-04-23,78
26.9115,83.1857,2018-04-23,66
26.932,83.5226,2018-04-23,87
26.9195,83.5241,2018-04-23,86
27.7196,82.856,2018-04-23,73
26.7202,83.6016,2018-04-23,75
26.7222,83.622,2018-04-23,73
26.7177,83.6092,2018-04-23,89
26.6593,83.2753,2018-04-23,85
26.7109,83.7986,2018-04-23,69
26.6472,83.2767,2018-04-23,78
26.4127,81.3722,2018-04-23,73
26.4006,83.4032,2018-04-23,73
26.3715,83.4861,2018-04-23,80
26.3592,83.4876,2018-04-23,65
26.3611,83.5074,2018-04-23,87
26.3678,83.494,2018-04-23,77
26.3555,83.4955,2018-04-23,77
28.8441,81.0822,2018-04-23,62
28.7507,80.4909,2018-04-23,89
28.682,81.4052,2018-04-23,63
28.7194,81.7499,2018-04-23,56
28.6531,81.3442,2018-04-23,65
28.5089,80.8588,2018-04-23,75
28.6229,81.9046,2018-04-23,69
28.6517,82.4141,2018-04-23,83
28.4631,80.7352,2018-04-23,63
28.4646,80.7493,2018-04-23,74
29.7801,80.371,2018-04-23,75
29.0691,80.6391,2018-04-23,61
29.0645,80.646,2018-04-23,58
29.1064,81.2119,2018-04-23,82
29.108,81.2265,2018-04-23,67
29.0329,80.841,2018-04-23,61
29.0221,80.8403,2018-04-23,54
29.0857,81.7653,2018-04-23,86
29.0179,81.1442,2018-04-23,70
29.0194,81.1583,2018-04-23,64
29.0243,81.2021,2018-04-23,74
29.0843,81.7558,2018-04-23,72
29.0859,81.7708,2018-04-23,85
29.0744,81.7706,2018-04-23,69
28.9804,81.1023,2018-04-23,79
28.982,81.1173,2018-04-23,76
28.8425,81.0668,2018-04-23,66
28.7491,80.4771,2018-04-23,81
26.926,82.863,2018-04-23,67
26.8976,82.9182,2018-04-23,60
27.1676,82.7744,2018-04-23,59
28.5152,81.4646,2018-04-23,75
28.5168,81.4528,2018-04-23,64
28.6246,81.3231,2018-04-23,80
28.6282,81.3302,2018-04-23,67
28.6196,81.9222,2018-04-23,52
28.6274,81.9354,2018-04-23,98
28.6915,81.4458,2018-04-23,59
26.4672,83.9324,2018-04-23,66
26.6123,83.3852,2018-04-23,68
26.6138,83.3753,2018-04-23,52
26.9248,83.5815,2018-04-23,55
27.0896,82.8174,2018-04-23,64
27.1563,85.626,2018-04-23,54
27.7316,83.2902,2018-04-23,56
27.7331,83.2801,2018-04-23,55
27.7305,83.3623,2018-04-23,69
27.7192,83.5045,2018-04-23,76
27.5561,84.9007,2018-04-23,87
28.2925,81.7624,2018-04-23,68
28.4467,81.3932,2018-04-23,71
28.3155,81.5686,2018-04-24,72
26.5591,83.9148,2018-04-24,77
26.6691,83.5064,2018-04-24,77
26.5509,83.9194,2018-04-24,70
26.5562,83.8942,2018-04-24,76
26.664,83.5117,2018-04-24,81
26.785,83.2517,2018-04-24,60
26.7821,83.2566,2018-04-24,61
26.6965,83.8046,2018-04-24,55
26.9248,82.8803,2018-04-24,65
26.929,82.8592,2018-04-24,92
27.0204,82.8007,2018-04-24,70
27.0245,82.78,2018-04-24,90
26.8923,83.5078,2018-04-24,68
26.9223,83.5647,2018-04-24,78
27.0952,82.6318,2018-04-24,68
26.9176,83.569,2018-04-24,77
26.9604,83.3612,2018-04-24,65
27.137,82.8134,2018-04-24,75
27.1494,82.8165,2018-04-24,55
27.0049,83.616,2018-04-24,77
27.0181,83.6194,2018-04-24,79
27.1122,83.142,2018-04-24,58
27.1165,83.1202,2018-04-24,79
27.0129,83.6247,2018-04-24,82
27.0177,83.6011,2018-04-24,87
27.1147,83.1263,2018-04-24,83
27.0453,83.5343,2018-04-24,77
27.1318,83.1077,2018-04-24,86
27.0955,83.3542,2018-04-24,51
27.2156,82.7531,2018-04-24,80
27.2197,82.7327,2018-04-24,86
27.1084,83.3575,2018-04-24,82
27.1743,83.028,2018-04-24,71
27.4067,81.9585,2018-04-24,55
27.4132,81.9658,2018-04-24,56
27.2498,82.8536,2018-04-24,55
27.3469,82.5596,2018-04-24,80
27.2361,83.1852,2018-04-24,57
27.415,82.2737,2018-04-24,63
27.4186,82.2549,2018-04-24,63
27.3241,82.8071,2018-04-24,66
27.3117,83.0075,2018-04-24,68
27.4156,82.8798,2018-04-24,66
27.4317,82.7976,2018-04-24,78
27.4331,82.8034,2018-04-24,76
27.4372,82.7831,2018-04-24,51
27.399,83.102,2018-04-24,63
27.4034,83.0806,2018-04-24,68
27.9846,80.0183,2018-04-24,78
28.0025,80.0361,2018-04-24,74
27.4366,83.1792,2018-04-24,66
27.1106,84.8445,2018-04-24,61
27.4704,83.075,2018-04-24,63
28.1473,80.2067,2018-04-24,64
28.2719,80.9127,2018-04-24,71
28.2746,80.8978,2018-04-24,82
28.2773,80.905,2018-04-24,100
28.5591,80.156,2018-04-24,74
28.5614,80.1427,2018-04-24,99
28.5064,81.0329,2018-04-24,80
28.5606,80.8809,2018-04-24,57
28.5712,80.8833,2018-04-24,57
28.5105,81.4559,2018-04-24,67
28.643,81.496,2018-04-24,64
28.7929,81.3135,2018-04-24,59
28.8196,81.3526,2018-04-24,57
29.025,80.8509,2018-04-24,74
28.9819,81.1153,2018-04-24,66
29.0317,80.8459,2018-04-24,75
29.2976,80.7622,2018-04-24,75
26.351,83.7443,2018-04-24,78
26.3645,83.7477,2018-04-24,63
26.4226,83.5319,2018-04-24,82
26.4275,83.508,2018-04-24,80
26.4119,83.8652,2018-04-24,63
26.475,83.9414,2018-04-24,81
26.4802,83.9159,2018-04-24,76
26.5685,83.4756,2018-04-24,62
26.6001,83.3853,2018-04-24,76
26.5637,83.4798,2018-04-24,59
26.4805,83.9481,2018-04-24,74
26.4858,83.9227,2018-04-24,84
26.5961,83.3896,2018-04-24,83
26.6008,83.3665,2018-04-24,67
29.5775,80.4566,2018-04-24,58
27.5017,81.3317,2018-04-24,72
26.7103,83.2436,2018-04-24,65
26.6972,83.2469,2018-04-24,72
26.702,83.2505,2018-04-24,75
26.6305,84.0389,2018-04-24,64
26.5518,83.9052,2018-04-24,82
26.5519,83.912,2018-04-24,83
26.4325,83.5062,2018-04-24,81
26.437,83.5287,2018-04-24,87
26.424,83.532,2018-04-24,66
26.3978,83.8659,2018-04-24,94
26.402,83.8872,2018-04-24,91
28.312,81.5583,2018-04-24,70
28.3098,81.5658,2018-04-24,57
27.495,81.3013,2018-04-24,67
27.1082,84.8295,2018-04-24,76
27.4961,81.3081,2018-04-24,76
27.5241,83.1267,2018-04-24,80
27.5288,83.1495,2018-04-24,73
27.5274,83.1329,2018-04-24,84
27.4616,83.0771,2018-04-24,61
27.4177,83.064,2018-04-24,54
27.4222,83.0675,2018-04-24,57
27.2576,82.9185,2018-04-24,75
27.1297,82.6728,2018-04-24,79
27.3696,84.0854,2018-04-24,72
27.0254,82.7596,2018-04-24,70
27.0305,82.7844,2018-04-24,74
27.0796,83.0266,2018-04-24,74
27.0884,83.3408,2018-04-24,75
27.0918,83.3447,2018-04-24,81
26.9453,82.8888,2018-04-24,81
26.9269,82.8678,2018-04-24,87
26.9319,82.8923,2018-04-24,56
27.0633,83.6076,2018-04-24,63
26.9198,82.8767,2018-04-24,90
27.0644,83.6143,2018-04-24,54
27.0094,83.6054,2018-04-24,81
26.948,83.3646,2018-04-24,78
26.9542,83.5964,2018-04-24,71
26.8897,83.191,2018-04-24,53
26.9562,83.6008,2018-04-24,68
26.8649,83.3428,2018-04-24,71
27.1182,84.8391,2018-04-24,78
27.4099,83.1437,2018-04-24,66
28.6658,82.0029,2018-04-24,61
28.564,80.8642,2018-04-24,55
28.5577,80.125,2018-04-24,76
28.5594,80.154,2018-04-24,75
26.6992,83.8112,2018-04-24,78
26.568,83.5943,2018-04-24,64
26.5404,83.5277,2018-04-24,73
26.5564,83.91,2018-04-24,59
26.5571,83.982,2018-04-24,60
26.4202,83.5917,2018-04-24,76
26.7853,83.2416,2018-04-24,57
26.354,83.5118,2018-04-24,62
26.3535,83.5729,2018-04-24,71
26.3881,83.8221,2018-04-24,69
26.3895,83.8321,2018-04-24,69
26.3598,83.6839,2018-04-24,64
26.695,83.7811,2018-04-24,66
26.9443,83.1293,2018-04-24,93
26.879,82.9326,2018-04-24,93
26.8805,82.9425,2018-04-24,58
26.8833,82.9624,2018-04-24,56
26.9535,83.5221,2018-04-24,59
27.1289,85.533,2018-04-24,50
27.1304,85.5444,2018-04-24,75
27.3753,82.7947,2018-04-24,62
27.384,82.8547,2018-04-24,76
27.2826,82.6642,2018-04-24,74
27.3097,82.9156,2018-04-24,67
27.558,84.8807,2018-04-24,62
27.5593,84.891,2018-04-24,64
27.3828,83.632,2018-04-24,61
27.2307,82.6225,2018-04-24,65
27.2116,82.5542,2018-04-24,54
27.5435,85.1115,2018-04-24,65
27.1184,82.4847,2018-04-24,55
27.1766,82.8844,2018-04-24,70
27.198,83.034,2018-04-24,100
27.1994,83.044,2018-04-24,98
27.3731,84.3095,2018-04-24,70
27.3695,84.3525,2018-04-24,53
27.3792,84.426,2018-04-24,66
27.0974,82.721,2018-04-24,76
27.1482,83.5987,2018-04-24,53
27.3342,85.2848,2018-04-24,65
27.4569,84.1095,2018-04-24,69
27.8545,82.2251,2018-04-24,71
27.8926,82.5488,2018-04-24,64
27.8381,82.2384,2018-04-24,68
27.8787,83.0315,2018-04-24,54
27.8057,82.8392,2018-04-24,61
27.7138,83.4968,2018-04-24,55
27.676,83.6235,2018-04-24,70
27.6879,83.7777,2018-04-24,61
27.6796,83.8526,2018-04-24,71
28.7264,81.3339,2018-04-24,78
28.6955,81.4313,2018-04-24,52
28.6207,81.3065,2018-04-24,63
28.6132,81.3188,2018-04-24,59
28.6964,81.9925,2018-04-24,52
28.539,81.4374,2018-04-24,67
28.4885,81.3445,2018-04-24,50
28.4901,81.3551,2018-04-24,57
29.2939,80.7603,2018-04-24,73
28.3289,81.5711,2018-04-24,58
28.3246,81.6038,2018-04-24,79
28.2983,81.7364,2018-04-24,58
28.2908,81.7482,2018-04-24,72
28.2829,81.7561,2018-04-24,50
28.1327,81.987,2018-04-24,65
28.1105,82.0856,2018-04-24,58
28.4136,81.3983,2018-04-24,64
29.1768,81.1382,2018-04-24,63
28.9941,80.7974,2018-04-24,76
28.9773,81.1018,2018-04-24,88
28.8975,80.9402,2018-04-24,55
28.8217,80.8765,2018-04-24,79
28.8125,80.8779,2018-04-24,56
28.8367,81.0929,2018-04-24,59
28.6675,80.1252,2018-04-24,77
28.8486,81.346,2018-04-24,82
28.9448,81.0964,2018-04-25,58
28.7362,82.0382,2018-04-25,58
28.7306,82.0288,2018-04-25,69
28.5717,81.2589,2018-04-25,66
28.5702,81.2527,2018-04-25,56
26.3488,83.5789,2018-04-25,69
26.778,83.2355,2018-04-25,53
26.8444,82.9544,2018-04-25,84
26.8465,82.9335,2018-04-25,61
26.845,82.9615,2018-04-25,74
26.847,82.9405,2018-04-25,80
26.9039,83.4949,2018-04-25,65
26.9082,83.5016,2018-04-25,75
26.9655,82.9178,2018-04-25,59
27.0332,82.8827,2018-04-25,60
27.0672,82.9365,2018-04-25,60
27.23,82.8601,2018-04-25,62
27.2732,84.2611,2018-04-25,71
27.1776,86.4603,2018-04-25,57
28.7452,80.4627,2018-04-25,58
28.8295,81.0904,2018-04-25,71
28.8415,81.253,2018-04-25,84
28.8429,81.2637,2018-04-25,56
28.8323,81.2544,2018-04-25,74
28.8245,81.2667,2018-04-25,51
28.8357,81.3534,2018-04-25,56
28.8027,81.1716,2018-04-25,67
28.7603,81.5488,2018-04-25,63
28.7218,81.3225,2018-04-25,50
28.6047,80.8506,2018-04-25,69
28.5956,80.8522,2018-04-25,85
28.597,80.8626,2018-04-25,92
28.5865,80.8538,2018-04-25,83
28.5879,80.8642,2018-04-25,91
28.7365,82.0174,2018-04-25,82
28.7379,82.0289,2018-04-25,85
28.5788,80.8658,2018-04-25,85
28.5802,80.8763,2018-04-25,94
28.5816,80.8868,2018-04-25,84
28.7271,82.0199,2018-04-25,66
28.5698,80.8674,2018-04-25,53
28.5712,80.8779,2018-04-25,54
28.5635,80.8899,2018-04-25,78
28.5554,80.8862,2018-04-25,58
28.5568,80.8967,2018-04-25,71
28.6119,81.3102,2018-04-25,66
28.6359,81.4933,2018-04-25,62
28.5668,81.2525,2018-04-25,69
28.5749,82.1144,2018-04-25,60
28.3457,80.4323,2018-04-25,70
28.3208,81.5555,2018-04-25,64
28.36,81.8619,2018-04-25,65
28.306,81.5138,2018-04-25,51
27.6543,80.1523,2018-04-25,81
27.6557,80.1623,2018-04-25,81
27.8456,82.9639,2018-04-25,62
27.6591,81.7484,2018-04-25,66
27.7386,82.8413,2018-04-25,66
27.7018,82.7006,2018-04-25,53
27.7275,83.0864,2018-04-25,52
27.6395,82.6919,2018-04-25,60
27.5618,84.2874,2018-04-25,52
27.2686,82.6549,2018-04-25,77
27.2504,82.5867,2018-04-25,74
27.2146,82.5335,2018-04-25,51
27.3659,83.9832,2018-04-25,61
27.2304,83.1813,2018-04-25,74
29.2385,80.6395,2018-04-25,69
27.1629,82.7857,2018-04-25,72
27.1989,83.0859,2018-04-25,83
27.2004,83.0981,2018-04-25,88
27.0932,82.4833,2018-04-25,76
27.1656,83.1465,2018-04-25,65
27.1671,83.1588,2018-04-25,74
27.0899,82.8508,2018-04-25,79
27.0805,82.9372,2018-04-25,77
27.0819,82.9492,2018-04-25,87
27.0784,82.9444,2018-04-25,92
27.0468,83.0104,2018-04-25,97
26.9727,82.9055,2018-04-25,87
26.9475,82.8612,2018-04-25,73
26.9489,82.873,2018-04-25,80
27.0318,83.6418,2018-04-25,70
27.1532,84.7064,2018-04-25,62
26.8388,83.643,2018-04-25,70
26.8196,83.5674,2018-04-25,75
26.623,83.366,2018-04-25,73
26.6437,83.8033,2018-04-25,66
26.5818,83.3596,2018-04-25,82
26.5833,83.3719,2018-04-25,85
26.5812,83.3666,2018-04-25,95
26.5713,83.368,2018-04-25,91
27.1615,82.7739,2018-04-25,71
29.0523,80.6215,2018-04-25,59
29.0536,80.6317,2018-04-25,65
29.1287,81.1952,2018-04-25,78
29.1301,81.2059,2018-04-25,53
29.0086,80.7793,2018-04-25,53
29.0099,80.7896,2018-04-25,56
28.975,81.0856,2018-04-25,62
28.9379,80.9995,2018-04-25,66
28.9462,81.0621,2018-04-25,52
28.9289,81.0016,2018-04-25,78
28.9182,80.9918,2018-04-25,62
28.8266,80.7924,2018-04-25,50
28.7666,80.4167,2018-04-25,86
28.768,80.4269,2018-04-25,91
28.759,80.4286,2018-04-25,86
28.7514,80.4405,2018-04-25,99
28.7528,80.4508,2018-04-25,81
28.8401,81.0998,2018-04-25,63
28.7424,80.4421,2018-04-25,91
26.4766,83.7607,2018-04-25,73
26.444,83.5705,2018-04-25,54
26.5015,84.0662,2018-04-25,70
26.4243,83.5802,2018-04-25,66
26.4196,83.7103,2018-04-25,82
26.4211,83.7231,2018-04-25,79
26.4366,83.8527,2018-04-25,77
26.4264,83.8542,2018-04-25,66
26.5056,83.2407,2018-04-25,66
26.6157,84.4686,2018-04-25,67
26.6123,84.4746,2018-04-25,53
29.3909,80.7522,2018-04-25,75
29.4082,80.6728,2018-04-25,74
29.6355,80.5938,2018-04-25,53
29.6711,80.2374,2018-04-25,69
29.7619,80.0985,2018-04-25,59
28.9786,81.0917,2018-04-25,60
28.9736,81.0951,2018-04-25,56
26.8533,82.9267,2018-04-25,56
26.8616,82.9214,2018-04-25,62
26.9441,83.1769,2018-04-25,78
27.019,83.0503,2018-04-25,58
27.3662,84.0507,2018-04-25,58
27.375,83.9801,2018-04-25,69
29.7101,80.556,2018-04-26,63
29.4628,80.837,2018-04-26,61
29.0262,81.4301,2018-04-26,68
29.2991,80.0434,2018-04-26,58
29.1191,81.2515,2018-04-26,73
29.1208,81.2413,2018-04-26,73
29.2311,80.6643,2018-04-26,53
28.6015,81.3131,2018-04-26,55
28.5735,81.5453,2018-04-26,74
28.5753,81.5341,2018-04-26,64
28.7317,80.6648,2018-04-26,57
28.8012,80.8685,2018-04-26,61
28.8925,81.1112,2018-04-26,74
28.9368,81.0101,2018-04-26,55
28.7889,82.1291,2018-04-26,84
28.9695,81.09,2018-04-26,59
29.0684,80.6411,2018-04-26,65
28.787,82.1399,2018-04-26,72
28.525,80.1531,2018-04-26,51
28.5266,80.1429,2018-04-26,55
28.3585,81.8759,2018-04-26,71
28.5722,80.8586,2018-04-26,52
28.5813,80.8604,2018-04-26,63
28.5562,81.4158,2018-04-26,66
26.4121,83.512,2018-04-26,66
26.412,83.5738,2018-04-26,65
26.4227,83.5762,2018-04-26,75
26.5398,83.3199,2018-04-26,65
27.2184,81.4345,2018-04-26,62
27.0639,82.8176,2018-04-26,70
27.074,82.8198,2018-04-26,77
27.0712,82.825,2018-04-26,76
27.0736,82.8118,2018-04-26,74
27.1008,82.7769,2018-04-26,79
27.3608,81.2512,2018-04-26,51
27.1925,83.243,2018-04-26,63
27.195,83.2291,2018-04-26,87
27.6782,81.7475,2018-04-26,69
27.6801,81.736,2018-04-26,55
27.1471,83.0985,2018-04-26,71
26.3977,83.2612,2018-04-26,52
28.726,81.9701,2018-04-26,60
28.739,81.9658,2018-04-26,55
28.1238,81.4349,2018-04-26,77
28.1195,81.4423,2018-04-26,85
27.349,83.6674,2018-04-26,62
27.1208,83.3376,2018-04-26,61
27.0936,83.6214,2018-04-26,57
27.0033,83.6347,2018-04-26,76
26.9938,83.6366,2018-04-26,100
26.8672,83.7265,2018-04-26,77
28.61,80.1064,2018-04-26,69
28.6125,80.1122,2018-04-26,69
28.741,81.6555,2018-04-26,56
27.0705,82.6219,2018-04-27,54
28.2665,82.1022,2018-04-27,60
28.2702,82.1085,2018-04-27,60
26.7012,83.2898,2018-04-27,63
26.7581,83.7604,2018-04-27,55
26.6263,83.472,2018-04-27,63
26.6277,83.482,2018-04-27,66
26.4912,83.5591,2018-04-27,66
26.5249,83.932,2018-04-27,67
26.3958,83.2098,2018-04-27,75
26.3972,83.2197,2018-04-27,64
26.36,83.7419,2018-04-27,67
26.3642,83.7718,2018-04-27,66
27.1177,83.235,2018-04-27,65
26.9321,82.7796,2018-04-27,57
27.1058,83.2233,2018-04-27,59
27.3042,83.5864,2018-04-27,86
27.3642,84.0225,2018-04-27,56
27.3538,84.3462,2018-04-27,76
27.3552,84.3565,2018-04-27,76
27.3447,84.3479,2018-04-27,64
27.3461,84.3583,2018-04-27,60
27.3341,84.478,2018-04-27,61
27.3355,84.4885,2018-04-27,67
27.7215,83.9461,2018-04-27,53
27.5829,83.2752,2018-04-27,59
27.4615,82.8711,2018-04-27,77
27.3918,83.0958,2018-04-27,64
27.3932,83.1058,2018-04-27,69
27.428,84.0152,2018-04-27,67
28.8486,81.0486,2018-04-27,57
28.8013,81.283,2018-04-27,68
28.8093,81.3351,2018-04-27,64
28.689,80.686,2018-04-27,50
28.5484,80.0218,2018-04-27,72
28.532,80.9211,2018-04-27,71
28.5337,80.9318,2018-04-27,74
28.5119,81.3801,2018-04-27,52
28.483,81.3707,2018-04-27,62
28.4846,81.3813,2018-04-27,53
28.2528,80.5439,2018-04-27,51
28.3959,81.7688,2018-04-27,53
28.3215,81.5225,2018-04-27,87
28.0475,82.0285,2018-04-27,60
28.049,82.0387,2018-04-27,57
27.9507,82.4964,2018-04-27,57
27.6585,82.456,2018-04-27,57
27.7212,82.8877,2018-04-27,69
27.6982,82.9182,2018-04-27,72
27.6729,82.9331,2018-04-27,62
27.6475,82.9481,2018-04-27,63
28.5872,80.8418,2018-04-28,70
28.4238,80.5651,2018-04-28,64
28.4625,80.3482,2018-04-28,51
28.4539,80.8827,2018-04-28,62
28.4711,80.9613,2018-04-28,61
28.3225,82.1403,2018-04-28,74
28.5044,81.049,2018-04-28,75
28.5069,81.4285,2018-04-28,54
28.5159,81.4302,2018-04-28,50
28.5104,81.5356,2018-04-28,52
28.6011,80.8769,2018-04-28,55
28.6048,81.4527,2018-04-28,50
28.9141,80.5974,2018-04-28,53
27.5174,83.1364,2018-04-28,66
27.3498,84.479,2018-04-28,73
27.7073,82.6799,2018-04-28,73
27.6593,83.055,2018-04-28,70
27.763,83.1014,2018-04-28,79
28.0575,82.1245,2018-04-28,68
28.1665,81.4275,2018-04-28,72
26.6836,80.9091,2018-04-28,70
26.5842,83.2538,2018-04-28,72
26.5796,83.4017,2018-04-28,77
26.5887,83.4034,2018-04-28,70
26.8098,83.1721,2018-04-28,73
26.8114,83.1619,2018-04-28,66
26.8488,82.9805,2018-04-28,80
26.8578,82.9822,2018-04-28,61
27.0757,82.7659,2018-04-28,69
27.0403,83.3513,2018-04-28,63
27.2129,83.429,2018-04-28,74
27.702,80.0383,2018-04-28,56
27.2616,83.2371,2018-04-28,75
27.3093,83.582,2018-04-28,69
27.3184,83.5838,2018-04-28,58
27.6996,81.4087,2018-04-28,59
27.4739,83.0594,2018-04-28,72
27.5219,83.0476,2018-04-28,71
27.0716,82.7731,2018-04-28,52
27.0645,82.761,2018-04-28,65
26.6846,82.7144,2018-04-28,62
26.6638,83.2956,2018-04-28,69
27.0679,82.7539,2018-04-28,65
26.8223,82.9848,2018-04-28,57
27.054,82.8403,2018-04-28,53
27.0676,82.7619,2018-04-28,89
27.06,83.2116,2018-04-28,91
27.7313,81.6815,2018-04-28,74
26.515,82.937,2018-04-29,50
27.6328,82.9413,2018-04-29,69
27.161,83.0096,2018-04-29,68
26.9737,82.935,2018-04-29,78
27.0519,83.5326,2018-04-29,79
26.9093,82.7947,2018-04-29,79
26.9114,82.8072,2018-04-29,62
26.4931,83.1292,2018-04-29,63
26.4887,83.2987,2018-04-29,60
27.6787,81.4232,2018-04-29,70
28.5197,80.2016,2018-04-30,84
28.5215,80.185,2018-04-30,78
26.4992,83.5428,2018-04-30,67
28.5246,80.1729,2018-04-30,74
28.5997,80.1238,2018-05-01,76
28.3091,80.8643,2018-05-01,62
28.3144,80.8711,2018-05-01,72
28.5293,80.0659,2018-05-01,66
28.1587,81.3762,2018-05-01,79
26.8124,83.5211,2018-05-01,63
27.3651,82.6472,2018-05-01,87
27.2424,82.6203,2018-05-01,63
27.3682,82.6395,2018-05-01,87
27.3614,82.6276,2018-05-01,70
28.3558,80.7043,2018-05-01,53
27.1916,82.873,2018-05-01,50
27.3893,82.8886,2018-05-02,63
26.8998,83.6059,2018-05-02,62
27.0087,84.4145,2018-05-02,51
27.3893,82.8995,2018-05-02,77
27.3912,82.8827,2018-05-02,70
27.4007,82.8901,2018-05-02,64
27.3041,84.483,2018-05-02,56
27.9841,80.0203,2018-05-02,65
28.6403,80.1029,2018-05-02,75
28.5803,80.8471,2018-05-02,55
28.0212,81.5037,2018-05-02,78
28.0191,81.4982,2018-05-02,82
27.5044,81.2721,2018-05-02,58
26.4354,81.2559,2018-05-02,58
26.4369,81.2674,2018-05-02,78
26.4332,81.2619,2018-05-02,87
26.4088,83.8483,2018-05-02,70
26.5228,81.4553,2018-05-04,63
26.6658,82.5348,2018-05-04,74
26.6211,82.9567,2018-05-04,76
26.4316,81.7839,2018-05-04,70
26.433,81.7939,2018-05-04,76
26.5787,82.8481,2018-05-04,89
26.3481,83.9724,2018-05-04,50
26.4246,83.4779,2018-05-04,62
26.4232,83.4672,2018-05-04,84
26.5303,81.4438,2018-05-04,52
28.6182,81.8884,2018-05-04,64
28.5903,82.0199,2018-05-04,80
27.9615,80.0318,2018-05-04,82
27.8271,81.8207,2018-05-04,58
26.9472,82.8559,2018-05-04,72
28.5315,80.1392,2018-05-04,74
28.5256,80.1616,2018-05-04,77
28.4919,80.0617,2018-05-04,69
28.6197,81.8989,2018-05-04,71
26.5226,81.4628,2018-05-05,67
26.5461,83.3026,2018-05-05,77
26.7373,83.2091,2018-05-05,78
26.7212,83.599,2018-05-05,73
27.7725,80.0727,2018-05-05,67
27.978,80.055,2018-05-05,77
27.9794,80.0449,2018-05-05,92
27.8294,81.7324,2018-05-05,71
28.0425,81.4294,2018-05-05,67
28.5427,80.0989,2018-05-05,56
28.8293,80.2843,2018-05-05,65
28.6186,81.8865,2018-05-05,86
28.6203,81.8758,2018-05-05,64
28.6259,81.899,2018-05-05,70
28.6275,81.8886,2018-05-05,92
28.735,81.9696,2018-05-05,66
26.5247,83.5338,2018-05-06,68
28.2464,82.4502,2018-05-07,52
28.2245,83.2008,2018-05-07,70
28.6605,81.9622,2018-05-07,60
28.6368,82.019,2018-05-07,52
26.5337,83.5444,2018-05-07,55
26.6873,82.9361,2018-05-07,72
26.6815,83.2921,2018-05-07,70
26.6829,83.2822,2018-05-07,63
27.6198,81.713,2018-05-07,72
26.4176,83.2675,2018-05-07,62
28.1504,80.4264,2018-05-07,53
27.9703,82.9806,2018-05-07,68
27.9793,82.9817,2018-05-07,79
27.953,80.1291,2018-05-07,57
26.6092,82.6432,2018-05-07,53
28.6555,81.9571,2018-05-07,55
27.8984,80.091,2018-05-07,73
27.7925,81.7325,2018-05-07,71
28.6386,81.9743,2018-05-07,61
27.0103,80.2141,2018-05-07,74
26.9287,82.7964,2018-05-07,70
28.6379,81.9833,2018-05-07,70
28.6395,81.9728,2018-05-07,52
28.7125,81.9824,2018-05-07,65
27.0007,80.2074,2018-05-08,68
27.5823,84.4455,2018-05-08,58
27.5978,83.9299,2018-05-08,66
27.624,86.0311,2018-05-08,61
26.48,83.8901,2018-05-08,64
28.649,81.882,2018-05-08,71
28.6472,81.8774,2018-05-08,55
28.5304,80.1687,2018-05-08,59
28.5971,81.3625,2018-05-08,66
28.8191,80.3292,2018-05-08,60
27.1197,80.0869,2018-05-08,62
27.0,82.7839,2018-05-08,62
26.6312,83.1714,2018-05-08,68
27.1183,80.0769,2018-05-08,71
28.6604,80.0567,2018-05-09,61
27.4943,80.0505,2018-05-09,57
27.2913,83.1081,2018-05-09,74
27.7785,80.0606,2018-05-09,70
27.9628,81.5716,2018-05-09,72
27.9446,82.8308,2018-05-09,82
26.4738,83.5415,2018-05-09,68
26.6527,83.0875,2018-05-09,79
27.3573,80.3921,2018-05-09,63
27.3695,80.0962,2018-05-09,66
26.7556,82.9575,2018-05-09,67
26.6622,82.2849,2018-05-09,61
26.6506,82.8116,2018-05-09,64
26.6143,82.9253,2018-05-09,74
26.6073,82.9333,2018-05-09,69
26.4663,83.1426,2018-05-09,65
28.8647,80.9342,2018-05-09,67
28.7825,80.4388,2018-05-09,74
28.6282,80.8728,2018-05-09,50
28.2478,80.5551,2018-05-09,74
28.524,80.4002,2018-05-09,83
28.1445,80.024,2018-05-09,87
28.146,80.0367,2018-05-09,82
26.3889,81.1583,2018-05-09,67
29.0964,80.1053,2018-05-10,66
26.6417,83.3735,2018-05-10,55
26.8574,83.1008,2018-05-10,72
26.9958,82.671,2018-05-10,70
27.6827,80.1137,2018-05-10,83
27.6851,80.1,2018-05-10,79
27.5565,82.5924,2018-05-10,66
26.6414,83.3925,2018-05-10,52
28.506,80.5791,2018-05-10,99
28.5795,80.3486,2018-05-10,72
28.6343,81.523,2018-05-10,71
28.9446,80.6619,2018-05-10,61
28.4982,80.5664,2018-05-10,58
26.9431,82.7774,2018-05-10,64
28.8105,80.8951,2018-05-10,73
28.0431,82.6756,2018-05-10,52
27.1628,80.1672,2018-05-10,79
27.1187,80.2005,2018-05-10,69
26.9837,80.1487,2018-05-11,67
28.7745,81.1987,2018-05-11,88
28.6114,80.0583,2018-05-11,75
28.7578,81.4182,2018-05-11,59
28.6571,80.73,2018-05-11,61
28.6635,80.8463,2018-05-11,67
28.6649,80.8568,2018-05-11,73
28.6342,81.533,2018-05-11,70
28.5246,80.9043,2018-05-11,62
28.5853,81.36,2018-05-11,74
28.5973,81.5236,2018-05-11,68
28.4708,80.9887,2018-05-11,79
27.8837,80.0534,2018-05-11,72
27.6977,81.8813,2018-05-11,58
27.3634,80.215,2018-05-11,76
27.1623,82.4081,2018-05-11,63
26.6311,82.2964,2018-05-11,100
26.6325,82.3074,2018-05-11,61
26.4272,81.2261,2018-05-11,69
26.7076,83.6656,2018-05-11,72
27.3648,80.2251,2018-05-11,84
29.2344,80.7168,2018-05-11,69
29.161,80.3793,2018-05-11,71
28.8708,80.271,2018-05-11,77
28.8722,80.2812,2018-05-11,94
28.8751,80.3018,2018-05-11,61
28.804,80.4583,2018-05-11,74
28.7936,80.4496,2018-05-11,87
28.795,80.4599,2018-05-11,99
28.6638,80.2368,2018-05-11,64
29.1291,80.7733,2018-05-11,51
28.6228,80.0644,2018-05-12,73
27.0445,82.7344,2018-05-12,69
26.9673,82.7128,2018-05-13,69
27.4029,82.7244,2018-05-13,80
29.0728,80.7165,2018-05-13,62
27.8416,81.7069,2018-05-13,79
27.8885,82.5835,2018-05-13,68
27.1398,80.2249,2018-05-14,88
28.2365,80.1478,2018-05-15,59
28.1981,80.4632,2018-05-16,53
26.4592,80.8221,2018-05-16,74
26.6516,80.5093,2018-05-16,80
27.3264,80.0851,2018-05-16,74
27.3329,80.0757,2018-05-16,72
27.322,80.0771,2018-05-16,71
27.1169,80.0719,2018-05-16,77
27.3345,80.0509,2018-05-17,72
26.9583,80.1018,2018-05-18,71
29.0332,80.8292,2018-05-18,55
28.7522,81.9704,2018-05-18,51
27.0897,80.4128,2018-05-18,67
27.0911,80.4236,2018-05-18,83
29.2655,82.649,2018-05-19,65
28.5971,82.0598,2018-05-19,69
28.5941,82.0761,2018-05-19,70
27.3542,80.3721,2018-05-19,68
29.4262,80.755,2018-05-20,57
29.3862,80.7939,2018-05-20,67
29.2376,80.6618,2018-05-20,60
29.2391,80.6721,2018-05-20,57
29.2114,80.8604,2018-05-20,76
29.1193,80.7387,2018-05-20,50
28.649,80.8579,2018-05-20,79
28.724,81.6499,2018-05-20,75
28.7255,81.6602,2018-05-20,59
28.694,81.6971,2018-05-20,71
28.4426,80.3343,2018-05-20,50
28.7037,82.719,2018-05-20,66
28.6073,82.064,2018-05-20,93
28.6087,82.0747,2018-05-20,63
28.5883,82.0637,2018-05-20,80
28.4042,81.0165,2018-05-20,59
28.4997,81.9535,2018-05-20,71
26.9998,80.6155,2018-05-20,74
29.7427,80.4593,2018-05-20,69
28.597,82.0826,2018-05-20,54
29.434,80.766,2018-05-21,53
29.0682,80.8083,2018-05-21,66
29.0697,80.7981,2018-05-21,64
29.0771,80.81,2018-05-21,85
29.0786,80.7998,2018-05-21,87
29.2028,80.6421,2018-05-21,77
29.2042,80.632,2018-05-21,66
29.2088,80.8513,2018-05-21,56
26.5243,80.6086,2018-05-21,67
27.1953,80.4374,2018-05-21,73
28.2168,81.2568,2018-05-21,62
28.5154,80.0385,2018-05-21,81
28.6049,82.095,2018-05-21,54
28.6098,82.0636,2018-05-21,54
26.401,80.7534,2018-05-21,71
29.0656,80.7746,2018-05-21,53
29.0735,80.7823,2018-05-21,68
28.5371,81.9141,2018-05-21,95
28.5398,81.9289,2018-05-21,70
28.5423,81.9255,2018-05-21,73
27.9994,82.9173,2018-05-22,71
27.4387,81.2383,2018-05-22,62
27.4363,81.2326,2018-05-22,74
28.5862,82.1097,2018-05-22,54
29.4405,80.7244,2018-05-22,65
29.2833,80.6478,2018-05-22,53
29.2544,80.6596,2018-05-22,67
28.6513,81.941,2018-05-22,71
28.6169,82.0274,2018-05-22,66
28.6189,82.0398,2018-05-22,89
28.6115,82.0534,2018-05-22,75
28.6,82.1009,2018-05-22,56
28.5845,82.0989,2018-05-22,82
28.5467,81.9223,2018-05-22,52
28.5752,82.101,2018-05-22,87
28.9269,81.4165,2018-05-22,75
28.6275,82.029,2018-05-22,63
28.6292,82.0452,2018-05-22,70
29.2091,80.6391,2018-05-23,56
29.1017,80.7682,2018-05-23,51
27.2766,82.3557,2018-05-23,62
27.9972,82.9298,2018-05-23,71
28.5481,81.9262,2018-05-23,75
28.625,81.9674,2018-05-23,62
28.6398,81.9271,2018-05-23,83
28.632,82.0571,2018-05-23,81
28.6664,81.9407,2018-05-23,73
28.7349,81.7564,2018-05-23,50
26.4001,82.6996,2018-05-23,60
27.5587,80.5699,2018-05-23,65
28.0062,82.9311,2018-05-23,79
28.4501,80.7504,2018-05-23,79
28.6651,81.9199,2018-05-24,68
28.6676,81.9333,2018-05-24,74
28.6326,81.9349,2018-05-24,65
29.3384,80.8124,2018-05-24,74
29.3442,80.786,2018-05-24,60
29.5589,80.8682,2018-05-25,61
29.5608,80.8497,2018-05-25,65
27.1926,82.2237,2018-05-25,64
29.1258,81.5282,2018-05-25,72
27.9783,80.2538,2018-05-25,75
29.2006,80.3615,2018-05-25,63
29.7657,80.0817,2018-05-25,66
29.7509,80.0424,2018-05-25,50
29.59,80.0522,2018-05-25,63
28.3256,82.1381,2018-05-25,61
28.3242,82.1385,2018-05-26,58
29.2873,80.0486,2018-05-26,66
27.9304,81.6783,2018-05-26,70
28.5634,81.9257,2018-05-26,100
28.5724,81.9243,2018-05-26,97
26.8511,84.0774,2018-05-26,67
28.3846,82.2173,2018-05-26,78
28.5605,81.9055,2018-05-26,84
28.5619,81.9154,2018-05-26,100
29.8632,80.1656,2018-05-26,64
29.4674,80.8794,2018-05-26,69
29.3589,80.7743,2018-05-26,72
29.3168,80.8052,2018-05-26,89
29.1296,80.6694,2018-05-26,53
28.5783,81.9023,2018-05-26,77
28.5798,81.9125,2018-05-26,98
28.5709,81.914,2018-05-26,95
26.3556,80.5666,2018-05-27,79
29.0137,80.775,2018-05-27,79
28.9217,81.404,2018-05-27,73
28.5562,80.0504,2018-05-27,66
28.6667,81.9091,2018-05-27,65
28.5848,81.9058,2018-05-27,80
28.5862,81.9171,2018-05-27,74
28.5611,81.9454,2018-05-27,51
28.3992,81.1913,2018-05-27,95
28.4006,81.2019,2018-05-27,98
28.1699,80.1819,2018-05-27,66
28.3957,82.0876,2018-05-27,51
28.3971,82.0993,2018-05-27,88
28.3401,82.1505,2018-05-27,87
29.3531,80.7615,2018-05-27,70
29.312,80.8011,2018-05-27,86
29.3328,81.8314,2018-05-27,92
29.3234,81.8327,2018-05-27,58
29.137,80.6597,2018-05-27,64
29.1427,80.7019,2018-05-27,85
29.1281,80.6618,2018-05-27,72
29.1309,80.6826,2018-05-27,81
29.1122,80.7501,2018-05-27,50
29.0816,80.6597,2018-05-27,73
29.0784,80.7741,2018-05-27,53
28.563,81.979,2018-05-27,52
28.552,81.9644,2018-05-27,67
28.3361,82.1662,2018-05-27,53
28.563,81.9668,2018-05-27,63
29.3081,80.3019,2018-05-28,52
29.3613,80.7344,2018-05-28,73
29.3767,80.8094,2018-05-28,74
27.4052,82.7431,2018-05-28,69
28.5441,80.0448,2018-05-28,59
28.5057,81.6707,2018-05-28,67
28.5503,81.9574,2018-05-28,69
28.7691,80.9728,2018-05-28,58
28.7708,80.9622,2018-05-28,60
29.0523,80.0438,2018-05-28,73
29.0597,80.0557,2018-05-28,62
29.0612,80.0455,2018-05-28,100
28.6383,82.7632,2018-05-28,53
28.7257,82.3102,2018-05-28,60
29.0402,80.7165,2018-05-28,72
28.9357,81.4256,2018-05-28,72
29.1381,80.6233,2018-05-28,54
29.1536,80.7017,2018-05-28,84
29.2633,80.4725,2018-05-28,64
28.5937,82.1494,2018-05-28,82
28.5935,82.1495,2018-05-29,52
28.595,82.1595,2018-05-29,71
28.5548,82.1201,2018-05-30,72
28.5562,82.1101,2018-05-30,79
28.5681,82.0916,2018-05-30,57
28.5784,82.0831,2018-05-30,58
28.6363,82.3175,2018-05-30,55
29.1159,81.0119,2018-05-30,74
